"Постоянный идентификатор";"Название организации";Разделы;Подразделы;Рубрики;"Населенные пункты";Адреса;"Почтовые индексы";E-mail;Телефоны;Факсы;Сайты
211914;"Бим.ру, информационно-развлекательный портал";"Интернет / Связь / Информационные технологии";Интернет;"Городские информационные сайты";Казань;;0;;;;http://bimru.ru,http://vk.com/bimradio,http://twitter.com/@bimruru
83892;"Бизнес, служба автохостеса";"Транспорт / Грузоперевозки";"Грузоперевозки / Транспортные услуги";"Заказ пассажирского легкового транспорта";Казань;;0;2945444@mail.ru;"+7 (843) 250-60-61,+7 (843) 2-146-047";;
230980;"Бизнес Татарстана, информационный портал";"Интернет / Связь / Информационные технологии";Интернет;"Городские информационные сайты";Казань;;0;;;;http://realtat.ru
270538;"БЕСКО, ООО, юридическая фирма";"Юридические / финансовые / бизнес-услуги";"Юридические услуги";"Ведение дел в судах";Казань;;0;besko-kazan@yandex.ru;"+7 (843) 267-23-32,+7-904-672-33-32";;
1214261752;"Белые росы, жилой комплекс, ООО Финдом";"Строительство / Недвижимость / Ремонт";Новостройки;Новостройки;Чернышевка;"Чернышевка, Мира, 1 стр";0;;"7-927-039-07-25 (отдел продаж),7-927-249-12-22 (отдел продаж)";;http://rosadom.ru
454637;"БЕЛЛА Волга, ООО, торговая компания";"Медицина / Здоровье / Красота";"Красота / Здоровье";"Косметика / Парфюмерия";Макаровка;"Федеральная трасса М7 806 км, 4 - 3 этаж";0;office-kazan@bella-tzmo.ru;"7 (843) 567-17-35,7 (843) 567-17-36";"+7 (843) 567-17-37";http://www.tzmo-global.com
86701;"Белиссимо, клининговая компания";"Коммунальные / бытовые / ритуальные услуги";"Уборка / Обработка помещений";"Профессиональная уборка";Казань;;0;belissimokazan@mail.ru;"+7-905-313-60-58,+7 (843) 253-19-03";;http://c-krauze.ru,http://vk.com/club57546386
353317;"Без Хлама, доска бесплатных объявлений";"Интернет / Связь / Информационные технологии";Интернет;"Сайты объявлений";Казань;;0;;;;http://www.bezhlama.ru
428993;"Бассейны Термаль, ООО, торгово-строительная компания";"Строительство / Недвижимость / Ремонт";"Сантехническое оборудование";"Гидромассажное оборудование";Казань;;0;termalkzn@gmail.com,info@bassejn.info;"+7 (843) 2-46-46-47,+7 (843) 2-148-508,+7 (843) 524-76-47,+7 (843) 524-76-48";;http://bassejn.info,http://vk.com/bassejninfo
1100074133;"БаррусГрупп, производственно-торговая компания";"Электроника / Электротехника";Электротехника;Светотехника;Казань;;0;info@brgp.ru;"8-800-555-86-78 (единая справочная),+7 (843) 225-08-25";;http://brgp.ru
204215;"Барахла.нет, доска бесплатных объявлений";"Интернет / Связь / Информационные технологии";Интернет;"Сайты объявлений";Казань;;0;support@barahla.net;;;http://kaz.barahla.net
1216119551;"Баракат, компания по химчистке диванов и ковров";"Коммунальные / бытовые / ритуальные услуги";"Уборка / Обработка помещений";"Профессиональная уборка";Казань;;0;2903070@gmail.com;"+7 (843) 203-45-27";;http://kazan.cf,http://vk.com/id347610138,http://instagram.com/cleaning_barakat
1100103899;"Банкомат, Рост банк, АО";"Юридические / финансовые / бизнес-услуги";"Банковские / финансовые услуги";Банкоматы;Казань;"Федеральная трасса М7 843 км, 1 - АЗС";0;;;;
6206;"Банки Казани, информационный портал";"Интернет / Связь / Информационные технологии";Интернет;"Городские информационные сайты";Казань;;0;;;;http://www.fin16.ru
402831;"Бамбуковый Дом, интернет-магазин текстиля из бамбука";"Текстиль / Предметы интерьера";Текстиль;"Постельные принадлежности / Текстиль для дома";Казань;;0;zakaz@begikupi.ru;"+7-903-307-08-73,+7 (843) 2-588-566";;http://www.begikupi.ru
413146;"Балкыш, санаторий-профилакторий";"Медицина / Здоровье / Красота";"Медицинские учреждения";"Санатории / Профилактории";Казань;"Советская (Петровский), Балкыш";0;info@balkish.org;"7 (843) 275-85-00";"+7 (843) 275-85-02";http://www.balkish.org,http://vk.com/balkishkazan
390347;"Базы данных 2ГИС-возможности для бизнеса";"Торговые комплексы / Спецмагазины";Спецмагазины;"Картографическая продукция";Казань;;0;content@2gis.ru;"+7 (383) 363-05-55, доп. 10264, 10233, 10112";;http://content.2gis.ru
1215431574;"Афиша парков, информационный портал";"Интернет / Связь / Информационные технологии";Интернет;"Городские информационные сайты";Казань;;0;;;;http://park.tatar,http://vk.com/park.tatar,http://facebook.com/park.tatar?_rdr,http://instagram.com/park.tatar
1201279262;"Аура дома, торговая компания";"Текстиль / Предметы интерьера";"Предметы интерьера / экстерьера";Рольставни;Казань;;0;;"+7 (843) 226-70-40,+7-987-226-70-40";;http://vk.com/ayra_doma
1215433101;"Атмосфера, креативное агентство праздников";"Досуг / Развлечения / Общественное питание";"Услуги по организации праздников / досуга";"Услуги праздничного оформления";Казань;;0;atmosfera-rt@yandex.ru;+7-966-240-45-13;;http://vk.com/atmosfera_rt
11236;"АТЛАС-ЛЮКС, интернет-магазин";"Мебель / Материалы / Фурнитура";Мебель;"Мебель для кухни";Казань;;0;atlas-lux.kzn@mail.ru;"+7 (843) 239-24-79";;http://www.atlas-lux.ru
1100079056;"Атлас Мебель, мебельный салон";"Мебель / Материалы / Фурнитура";Мебель;"Мягкая мебель";Казань;;0;mebel-atlas@mail.ru;"+7 (843) 258-95-89 (единая справочная - пн-вс 10:00-19:00)";;http://www.mebel-atlas.ru
1200528866;"АстраСтрой, ООО";"Строительство / Недвижимость / Ремонт";"Строительные / монтажные работы";"Автоматизация инженерных систем";Казань;;0;astra-kzn@mail.ru;+7-927-671-49-22;;
248390;"Аск-Капиталъ, монтажная компания";"Строительство / Недвижимость / Ремонт";"Строительные / монтажные работы";"Фасадные работы";Казань;;0;ask-kapital@mail.ru;"+7 (843) 239-45-29,+7-927-039-45-29";;
1215800105;"Ареал, торговый дом";"Металлы / Топливо / Химия";Металлы;"Чёрный металлопрокат";Казань;;0;asale@areal.msk.ru;"+7 (495) 981-90-70,+7 (495) 937-21-31";;http://areal-metal.ru/,http://www.areal-metal.ru
1200514814;"Аптечный центр";"Медицина / Здоровье / Красота";"Медицинские товары";Аптеки;Казань;;0;;"8-800-550-00-33 (бесплатная единая справочная)";;
1100372095;"Аптечная городская справочная служба";"Аварийные / справочные / экстренные службы";"Аварийные / справочные / экстренные службы";"Справочно-информационные услуги";Казань;;0;;"+7 (843) 211-20-02";;
347052;"Аннабель с первых дней, интернет-магазин";"Одежда / Обувь";"Детские товары";Игрушки;Казань;;0;a_katalog@annabellshop.ru;"+7 (843) 267-56-03,+7 (843) 266-08-66";;http://annabellshop.ru,http://vk.com/annabellshop
1100201116;"Амарон, интернет-магазин товаров для детей, красоты и здоровья";"Одежда / Обувь";"Одежда / Аксессуары";"Нижнее бельё";Казань;;0;zakaz@amaron.ru;"+7-903-307-08-73,+7 (843) 2-588-566";;http://amaron.ru,http://vk.com/club35144128
91153;"Аман, ООО, предприятие по вывозу мусора";"Транспорт / Грузоперевозки";"Грузоперевозки / Транспортные услуги";"Вывоз мусора / снега";Казань;;0;oooaman@mail.ru;"+7-909-309-90-45,+7 (843) 262-20-38";;
399812;"АЛЬФАСКАН, сервисный центр, официальный дилер Scania";"Автосервис / Автотовары";Автосервис;Тахографы;Казань;"Федеральная трасса М7 797 км, 1";0;kazan@alfascan.ru,service.kazan@alfascan.ru;"8-800-333-69-33 (бесплатная круглосуточная горячая линия),7 (843) 567-75-65";;http://www.alfascan.ru,http://vk.com/alfascan,http://twitter.com/@alfascanru
1213496257;"АЛРЕФ-СЕРВИС, сервисный центр";"Оборудование / Инструмент";"Торговое оборудование";"Холодильное оборудование";Казань;"Федеральная трасса М7 797 км, 1 - 1 этаж";0;;"8-800-333-59-22 (бесплатная единая справочная)";;
1100037274;"Алекс Принт, ООО, производственно-полиграфическая фирма";"Реклама / Полиграфия / СМИ";"Наружная реклама";"Изготовление рекламных конструкций";Казань;;0;alex-print.net@mail.ru;"+7 (843) 239-37-35";;http://alex-print.net
279093;"АкваИль, ООО, монтажная компания";"Строительство / Недвижимость / Ремонт";"Строительные / монтажные работы";"Обслуживание внутренних систем отопления / водоснабжения / канализации";Казань;;0;aquail@yandex.ru;+7-919-643-65-16;;
1212404071;"Аква Групп Казань, ООО, производственная компания";"Оборудование / Инструмент";"Промышленное оборудование";"Оборудование для бассейнов";Казань;;0;info@aqua-group.net;"+7 (843) 246-46-47,+7 (843) 214-85-08,+7 (843) 524-76-48,+7 (843) 524-76-47";;
1212567920;"Академия коучинга, ИП Колупаев И.В.";"Образование / Работа / Карьера";"Работа / Карьера";"Бизнес-тренинги / семинары";Казань;;0;effectiveness.up@gmail.com;+7-937-280-25-37;;http://ivankolupaev.ru
1215748866;"Академик, центр студенческих работ";"Образование / Работа / Карьера";"Дополнительное образование / Развивающие курсы";"Помощь в обучении";Казань;;0;mail@academic.name;"8-804-333-55-20 (бесплатная горячая линия)";;http://www.academic.name,http://vk.com/academic_name
158511;"АйТиКрафт, ООО, компьютерная фирма";"Компьютеры / Бытовая техника / Офисная техника";Компьютеры;"Услуги системного администрирования";Казань;;0;info@it-craft.su;+7-905-377-08-89;;http://www.it-craft.su
1100122701;"АйсКарго, ООО, компания по продаже и ремонту рефрижераторов";"Автосервис / Автотовары";Автосервис;"Ремонт спецтехники";Казань;"Федеральная трасса М7 807 км, 1";0;icecargo@mail.ru,sale@icecargo.ru;7-917-297-88-87,7-937-529-62-89;;http://icecargo.ru
453121;"АЗС Татнефть-центр, ООО, продуктовый магазин";"Продукты питания / Напитки";"Продукты питания";"Продовольственные магазины";Казань;"Федеральная трасса М7 793 км, 1";0;;;;
223801;"Азан, исламский информационный портал";"Интернет / Связь / Информационные технологии";Интернет;"Городские информационные сайты";Казань;;0;;;;http://www.azan.ru
6690;"Адреса Казани, портал о предприятиях г. Казани и Республики Татарстан";"Интернет / Связь / Информационные технологии";Интернет;"Городские информационные сайты";Казань;;0;;;;http://www.kazpages.ru
1201478019;"Агробазар, сайт объявлений";"Интернет / Связь / Информационные технологии";Интернет;"Сайты объявлений";Казань;;0;info@agrobazar.ru;;;http://agrobazar.ru
135310;АГЗС;"Автосервис / Автотовары";Автосервис;"Автозаправочные станции (АЗС)";Казань;"Федеральная трасса М7 830 км, 4";0;;"7 (843) 511-88-88 (круглосуточная единая справочная)";;
265292;"Агентство синхронного перевода, ИП Фаткуллин Ф.Н.";"Образование / Работа / Карьера";"Дополнительное образование / Развивающие курсы";"Перевод с иностранных языков";Казань;;0;2391934@gmail.com;"+7-927-039-19-34,+7 (843) 239-19-34";;http://sikzn.narod.ru
1100416635;"Автотрест16, служба эвакуации";"Аварийные / справочные / экстренные службы";"Аварийные / справочные / экстренные службы";"Эвакуация автомобилей";Казань;;0;autotrest16@yandex.ru;"+7 (843) 258-53-25,+7-960-048-53-25";;
465693;Автостоянка;"Автосервис / Автотовары";Автосервис;Автостоянки;Казань;"Федеральная трасса М7 788 км, 1а";0;;;;
465698;Автостоянка;"Автосервис / Автотовары";Автосервис;Автостоянки;Казань;"Федеральная трасса М7 774 км, 5";0;;;;
440847;"Автоплот, служба доступного такси";"Транспорт / Грузоперевозки";"Грузоперевозки / Транспортные услуги";"Заказ пассажирского легкового транспорта";"Волжск (Марий Эл респ.)";;0;1taxi@bk.ru;"+7 (843) 561-07-47";;http://taxinomer1.ru,http://vk.com/kzn_taxi
1100286195;"Автомойка, ИП Садриев Т.А.";"Автосервис / Автотовары";Автосервис;Автомойки;Казань;"Федеральная трасса М7 774 км, 2 - 1 этаж";0;;7-917-390-34-34,7-987-297-85-87;;
204973;"Автомобили и цены, автомобильный портал";"Интернет / Связь / Информационные технологии";Интернет;"Городские информационные сайты";Казань;;0;;;;http://autodmir.ru,http://facebook.com/auto.dmir.ru
6164;"АвтоКазань, информационный автопортал";"Интернет / Связь / Информационные технологии";Интернет;"Городские информационные сайты";Казань;;0;hmarat@autokazan.ru;;;http://www.autokazan.ru
350206;"АвтоИнфоКазань, автомобильный портал";"Интернет / Связь / Информационные технологии";Интернет;"Городские информационные сайты";Казань;;0;;;;http://avtoinfokazan.ru
1212471347;"АвтодорСнаб-Казань, служба эвакуации автомобилей";"Аварийные / справочные / экстренные службы";"Аварийные / справочные / экстренные службы";"Эвакуация автомобилей";Казань;;0;krulov.valeriy74@mail.ru;"8-800-700-40-02 (бесплатная круглосуточная горячая линия),+7 (843) 216-33-40";;http://avtodorsnab-kazan.ru,http://vk.com/avtodorsnabkazan
147119;"АВТО Татарстан, информационный автомобильный портал";"Интернет / Связь / Информационные технологии";Интернет;"Городские информационные сайты";Казань;;0;serg79@rambler.ru;;;http://www.tatauto.ru
162726;"Авито, доска бесплатных объявлений";"Интернет / Связь / Информационные технологии";Интернет;"Сайты объявлений";Казань;;0;;;;http://www.avito.ru
1215867008;"Авидком, торгово-монтажная фирма";"Охрана / Безопасность";"Охрана / Безопасность";"Монтаж охранно-пожарных систем";Казань;;0;avidkom@mail.ru;"+7-900-324-89-89,+7 (843) 253-40-09";;
1212678175;"АватарАква, интернет-магазин аквариумов";"Товары для животных / Ветеринария";"Товары / услуги для животных";Аквариумы;Зеленодольск;;0;avataraqua@mail.ru;"8-804-333-06-67 (бесплатная единая справочная)";;http://купить-аквариумы.рф
13909;"Аварийная газовая служба";"Аварийные / справочные / экстренные службы";"Аварийные / справочные / экстренные службы";"Службы спасения / экстренного вызова";Казань;;0;;"04 (стационарный),040 (МТС, МегаФон, Ростелеком-НСС),004 (Билайн)";;
1100355613;"АБВ, сервисный центр";"Компьютеры / Бытовая техника / Офисная техника";Компьютеры;"Ремонт компьютеров";Казань;;0;;"+7 (843) 258-84-01";;
1201180859;"А у нас 1001 квартира, сайт объявлений о квартирах посуточно";"Интернет / Связь / Информационные технологии";Интернет;"Сайты объявлений";Казань;;0;;;;http://kazan.1001kvartira.ru,http://vk.com/posutochnaja_arenda_kvartir
24430;"БИНБАНК, ПАО";"Юридические / финансовые / бизнес-услуги";"Банковские / финансовые услуги";Банки;Казань;;0;;;;
1100075898;"Бинилект, торгово-монтажная фирма";"Строительство / Недвижимость / Ремонт";"Сантехническое оборудование";"Системы отопления / водоснабжения / канализации";Казань;;0;binilekt@bk.ru,binilekt@bk.ru;"+7 (843) 526-70-38,+7 (843) 202-07-40,+7 (843) 202-07-40";;http://akvamast.ru,http://akvamast.ru
177;"Биомед, сеть лечебно-диагностических центров";"Медицина / Здоровье / Красота";"Медицинские услуги";"Многопрофильные медицинские центры";Казань;;0;biomed-biomed@ya.ru;"+7 (843) 533-33-33 (единая справочная)";;http://biomed-mc.ru,http://vk.com/ldcbiomed,http://twitter.com/@ldcbiomed,http://facebook.com/ldc.biomed
1211976619;"БиоТранс, ООО, многопрофильная компания";"Строительство / Недвижимость / Ремонт";"Строительные / монтажные работы";"Обслуживание внутренних систем отопления / водоснабжения / канализации";Казань;;0;biotrans@bk.ru;"+7-927-037-63-96 (круглосуточная единая справочная - пн-вс),+7-917-266-83-54 (круглосуточная единая справочная - пн-вс),+7 (843) 200-94-80 (круглосуточная единая справочная - пн-вс),+7 (843) 210-16-20 (круглосуточная единая справочная - пн-вс)";;http://биотранс.рф
1100429361;"Бир маркет, сеть магазинов разливных напитков";"Продукты питания / Напитки";Напитки;"Магазины разливного пива";Казань;;0;;"+7 (843) 253-24-35 (единая справочная)";;http://ayamibar.ru,http://vk.com/kazanbeermarket
1200412545;"Бирхофф, специализированный магазин разливных напитков";"Продукты питания / Напитки";Напитки;"Магазины разливного пива";Казань;;0;;"+7 (843) 240-89-69,+7 (843) 240-32-38,+7 (843) 240-26-28,+7 (843) 240-85-91,+7 (843) 240-85-92,+7 (843) 240-11-21,+7 (843) 240-24-34,+7 (843) 240-02-50,+7 (843) 240-10-76,+7 (843) 240-07-87,+7 (843) 240-89-79,+7 (843) 240-05-95";;http://vk.com/bierhefe
162521;"Бирюлинские Меха, ЗАО, салон-магазин";"Одежда / Обувь";"Одежда / Аксессуары";"Меха / Дублёнки / Кожа";Казань;;0;;"+7-987-296-64-66 (единая справочная - пн-вс 9:00-20:00)";;
7478;"БИ-БИ, сеть автомагазинов";"Автосервис / Автотовары";Автотовары;"Шины / Диски";Казань;;0;shop236@bi-bi.ru;"8-800-250-49-49 (бесплатная единая справочная - пн-вс 8:00-00:00),+7 (843) 564-76-31,+7-965-585-51-68 (отдел автозапчастей для иномарок),+7-903-307-81-50 (отдел автозапчастей для иномарок),+7 (843) 224-60-03,+7-965-585-51-72 (отдел автозапчастей для инома";"+7 (843) 236-10-38";http://auto49.ru,http://auto49.ru/actions
1214059534;"БКС Премьер";"Юридические / финансовые / бизнес-услуги";"Банковские / финансовые услуги";Банки;"Усады (Лаишевский район)";;0;info@msk.bcs.ru;"8-800-500-70-65 (бесплатная единая справочная),8-800-500-40-40 (бесплатная единая справочная),+7 (843) 200-11-11";;http://bcs-bank.com,http://bcspremier.ru,http://vk.com/bcs_premier,http://twitter.com/@bcspremier,http://facebook.com/bcspremier
38820;"Благовест-С+, ООО, производственно-монтажная фирма";"Компьютеры / Бытовая техника / Офисная техника";"Аудио / Видео / Бытовая техника";"Бытовая техника";Казань;;0;info@blagovest-kazan.ru;"+7 (843) 236-02-52";"+7 (843) 236-87-31";http://blagovest-kazan.ru,http://vk.com/club54002878,http://twitter.com/@blagovestklimat,http://instagram.com/blagovestklimat
1216297075;"Благоустройство Плюс, ООО, компания";"Строительство / Недвижимость / Ремонт";"Строительные / монтажные работы";"Ремонт / отделка помещений";"Усады (Лаишевский район)";"Усады (Лаишевский район), Дорожная, 69";0;zhora.leontiew@gmail.com;"7 (843) 258-54-99";;
1100089722;"БлескАвто, интернет-магазин";"Автосервис / Автотовары";Автотовары;"Автомасла / Мотомасла / Химия";Казань;;0;avtokosmetika@inbox.ru;"+7 (843) 260-77-67,+7-919-642-15-84";;http://bleskavtomag.ru
3013;"БлескСервис, ООО, группа компаний";"Коммунальные / бытовые / ритуальные услуги";"Уборка / Обработка помещений";"Профессиональная уборка";Казань;;0;mail@bleskservis.ru;"8-800-700-84-38 (бесплатная единая справочная),+7 (843) 521-21-69";;http://bleskservis.ru
2668;"Блинофф, сеть кафе";"Досуг / Развлечения / Общественное питание";"Общественное питание";Кафе;Казань;;0;;"+7 (843) 533-06-41 (единая справочная)";;http://www.univerfood.ru
44121;"Блиц-М, ООО, производственно-торговая фирма";"Строительные / отделочные материалы";"Строительные материалы / конструкции";"Тротуарная плитка";Казань;;0;enp295@yandex.ru;"+7 (843) 290-61-80 (единый номер),+7-927-671-33-33";;http://vk.com/club106495565
1100066810;"Блок-Мастер Казань, производственная компания";"Строительные / отделочные материалы";"Строительные материалы / конструкции";"Железобетонные изделия";Казань;;0;blok-mk@mail.ru;"+7 (843) 225-03-60";"+7 (843) 237-83-63";http://www.blok-m.ru
172862;"БМВ, автотехцентр";"Автосервис / Автотовары";Автосервис;"Авторемонт и техобслуживание (СТО)";Казань;;0;avtoatelie-kazan@rambler.ru;"+7 (843) 253-08-06,+7 (843) 240-00-39,+7 (843) 258-91-90";;http://atelie-bmw.ru/,http://atelie-bmw.ru,http://vk.com/ateliebmw
1201169621;"Бодрый день, кофейня";"Досуг / Развлечения / Общественное питание";"Общественное питание";"Фреш-бары / Точки безалкогольных коктейлей / горячих напитков";Казань;;0;bodryi_den_kzn@mail.ru;"+7-927-670-77-33 (единая справочная)";;http://vk.com/bodryi_den_kzn,http://instagram.com/bodryi_den_kzn
1201303591;"Бодрый, служба выездного шиномонтажа";"Автосервис / Автотовары";Автосервис;Шиномонтаж;Казань;;0;bodr.ser@yandex.ru;"+7-937-527-14-24 (единая справочная)";;http://bodrser.wix.com/servis
45207;"Большой Праздник, магазин фейерверков";"Досуг / Развлечения / Общественное питание";"Услуги по организации праздников / досуга";Салюты;Казань;;0;kazan@bolshoy.ru;"+7 (843) 240-24-24 (единая справочная - пн-вс 10:00-20:00),+7 (84371) 3-50-50,+7-965-595-46-56";;http://татсалют.рф,http://xn--80aa7awdbd9g.xn--p1ai/
221879;"Бона Деа, салон кожи и меха";"Одежда / Обувь";"Одежда / Аксессуары";"Меха / Дублёнки / Кожа";Казань;;0;kazan@uk-bonadea.ru;"+7 (843) 513-06-10";;http://shubimeha.com/,http://www.shubimeha.com,http://www.бонадеа.com,http://vk.com/clubbonadea,http://facebook.com/bonadeaclub
1100033544;"Бонжур, цветочная витрина";"Торговые комплексы / Спецмагазины";Спецмагазины;Цветы;Казань;;0;;"+7 (843) 239-15-39 (единый номер - пн-вс 10:00-22:00),+7-927-675-71-75";;
1213097488;"Бостон, швейная фабрика";"Одежда / Обувь";"Одежда / Аксессуары";"Мужская одежда";Казань;;0;info@bostonwears.ru;"+7 (843) 239-22-11,+7-919-642-64-77,+7-960-044-75-43,+7-927-420-38-22";;http://bostonwears.ru
472823;"Босфор Групп, ООО, торговый дом";"Мебель / Материалы / Фурнитура";"Материалы для производства мебели";"Мебельные фасады";Казань;;0;konev@bosfor-gr.ru;"+7 (843) 537-90-20 (многоканальный - пн-пт 9:00-18:00),+7 (843) 537-90-40,+7-987-272-85-85,+7 (843) 537-90-70";;http://www.bosfor-gr.ru
18354;"БОШ Сервис Блюзмобиль, сеть автоцентров по ремонту иномарок и отечественных автомобилей";"Автосервис / Автотовары";Автосервис;"Авторемонт и техобслуживание (СТО)";Казань;;0;info@bm116.ru;"+7 (843) 203-94-15,+7 (843) 203-95-44";;http://bm116.ru,http://vk.com/bluesmobil,http://instagram.com/bluzmobil,http://www.bluesmobil-kazan.ru/index.php
1215776163;"БОШ СЕРВИС-АЛЬФА, автоцентр";"Автосервис / Автотовары";Автосервис;"Авторемонт и техобслуживание (СТО)";Казань;;0;info@alpha-bosch.ru;"+7 (843) 239-24-25,+7 (843) 212-29-16";;http://alpha-bosch.ru,http://vk.com/boschservicealpha,http://instagram.com/boschservicealpha
57112;"Боярыня Морозова, меховой салон";"Одежда / Обувь";"Одежда / Аксессуары";"Меха / Дублёнки / Кожа";Казань;;0;;"+7 (843) 268-87-35 (единая справочная - пн-вс 9:00-20:00)";;
209549;"Брависсимо, салон тканей и швейной фурнитуры";"Текстиль / Предметы интерьера";Текстиль;Ткани;Казань;;0;bravissimo-kazan@mail.ru;"+7 (843) 238-06-04";;http://instagram.com/bravissimo_kazan
1201065441;"Брассерия, ресторан";"Досуг / Развлечения / Общественное питание";"Общественное питание";Рестораны;Казань;;0;ooobrasseria@mail.ru;"+7 (843) 222-5555";;http://www.brasserie-kazan.ru,http://vk.com/club75226876
141241;"БРВ-Мебель, мебельный салон";"Мебель / Материалы / Фурнитура";Мебель;"Корпусная мебель";Казань;;0;brwdoma@gmail.com;"+7 (843) 518-44-66,+7 (843) 223-03-26,+7 (843) 216-35-77";;http://brwdoma.ru,http://vk.com/club46226978
1200416322;"Бренд Микс, магазин одежды";"Одежда / Обувь";"Одежда / Аксессуары";"Женская одежда";Казань;;0;;"+7-917-893-43-38 (горячая линия)";;http://instagram.com/brandmix_kzn
1214505387;"Бренд Микс, салон модной одежды";"Одежда / Обувь";"Одежда / Аксессуары";"Женская одежда";Казань;;0;;;;http://instagram.com/brandmix_
1200356791;"Бригадный подряд, ремонтная фирма";"Строительство / Недвижимость / Ремонт";"Строительные / монтажные работы";"Ремонт / отделка помещений";Казань;;0;bp-kzn@mail.ru;"+7-937-615-43-01 (единый номер),+7 (843) 245-43-01";;http://бригадныйподряд.рф
1216576557;"БРИГАСТРОЙ, ООО, строительная компания";"Строительные / отделочные материалы";"Отделочные материалы";Окна;Казань;;0;;"+7-905-038-05-85,+7 (843) 297-72-22";;
47913;"БригМет, ООО, торговая компания";"Строительные / отделочные материалы";"Строительные материалы / конструкции";"Бетон / Раствор";Казань;;0;ttx45@yandex.ru;"+7 (843) 259-53-93,+7 (843) 203-30-76";"+7 (843) 555-73-65";http://www.brigmet.ru
58793;"Бриг, издательско-полиграфическая компания";"Реклама / Полиграфия / СМИ";"Издательское дело / Полиграфия";"Полиграфические услуги";Казань;;0;brig-kazan@yandex.ru;"+7 (843) 296-08-69,+7 (843) 537-91-23";"+7 (843) 537-91-63";http://картина-модуль.рф/,http://www.brig-kazan.ru,http://картина-модуль.рф
1100245687;"Бриз, ООО, строящиеся объекты";"Строительство / Недвижимость / Ремонт";Новостройки;Новостройки;Казань;;0;breez_k@rambler.ru,breez_k@mail.ru;"+7 (843) 237-72-22 (отдел продаж),+7 (843) 2-500-504 (отдел продаж),+7 (843) 2-600-504 (отдел продаж)";;http://briz-kazan.ru
1100293619;"Брикс, производственно-торговая компания";"Строительные / отделочные материалы";"Строительные материалы / конструкции";"Строительные блоки";Казань;;0;;"+7-917-269-18-04,+7 (843) 216-30-21";;http://арболит-рт.рф
5207;"Бриония, салон красоты";"Медицина / Здоровье / Красота";"Красота / Здоровье";"Косметические услуги";Казань;;0;brionia@bk.ru;"+7 (843) 518-69-96";"+7 (843) 518-69-88";http://www.brionia.ru/,http://www.brionia.ru,http://instagram.com/brionia_kazan
1100303616;"Бристоль, сеть магазинов алкогольной продукции";"Продукты питания / Напитки";Напитки;"Алкогольные напитки";Казань;;0;;"+7 (843) 522-80-64,+7 (843) 590-84-34,+7 (843) 205-60-36,+7 (843) 514-79-23,+7 (843) 204-09-75,+7 (843) 514-80-32";;http://www.bristol.ru
207631;"Брк-Прогресс Казань, ООО, оптово-розничная компания";"Строительные / отделочные материалы";"Строительные материалы / конструкции";"Теплоизоляционные материалы";Казань;;0;brk-progress@mail.ru;"+7 (843) 570-31-68,+7 (843) 251-44-51,+7 (843) 278-80-05";;http://brk-progress.ru/,http://brk-progress.ru
153497;"Брокер Альянс, ООО";"Юридические / финансовые / бизнес-услуги";"Юридические услуги";"Помощь в оформлении кредита";Казань;;0;broker.alliance@bk.ru;"8-800-500-56-77 (бесплатная единая справочная),+7 (843) 247-66-77";;http://брокер-альянс.рф
1807;"Брокерс, ООО, страховой советник";"Юридические / финансовые / бизнес-услуги";Страхование;Страхование;Казань;;0;brokers.kazan@gmail.com;"+7 (843) 5-247-247 (многоканальный - пн-пт 8:30-20:00, сб 9:00-18:00, вс 10:00-17:00),+7 (843) 205-58-38,+7 (843) 527-67-16,+7 (843) 260-40-30 (круглосуточный)";;http://brokers-kazan.ru,http://vk.com/brokers_kazan
344689;"Бруталити, салон видеоигр";"Компьютеры / Бытовая техника / Офисная техника";"Аудио / Видео / Бытовая техника";"Аудиотехника / Видеотехника";Новониколаевский;;0;kazangame@mail.ru;"+7-908-330-75-73 (единая справочная - пн-сб 10:00-19:00, вс 10:00-18:00),+7-927-422-20-46,+7 (843) 245-36-12,+7 (843) 248-44-01";;http://vk.com/kazanbrutality
1200093881;"БСК-Сервис, строительно-торговая компания";"Строительство / Недвижимость / Ремонт";"Строительство зданий / сооружений";"Строительство дач / коттеджей";Казань;;0;2962356@mail.ru;"+7-965-598-52-43 (единая справочная)";;http://twitter.com/@dima_bsk
132462;"БТИ, Зеленодольское подразделение";"Строительство / Недвижимость / Ремонт";Недвижимость;"Кадастровые работы / Техническая инвентаризация, учет";Казань;;0;btizel016@rambler.ru,btizel@yandex.ru;"+7 (84371) 5-66-86,+7 (84371) 4-21-62";;http://bti.tatarstan.ru
1100319757;"БУБУКА, компания по предоставлению лицензионной фоновой музыки";"Юридические / финансовые / бизнес-услуги";"Юридические услуги";"Защита авторских прав";Казань;;0;kazan@bubuka.info;"8-800-700-11-91 (бесплатная круглосуточная горячая линия),+7-917-875-22-02";;http://www.bubuka.info,http://vk.com/bubukasound
178831;"Буду мамой, торговая галерея";"Одежда / Обувь";"Одежда / Аксессуары";"Товары для беременных / Товары для кормящих мам";Казань;;0;bm_kazan3@binco.ru,bm_kazan2@binco.ru;"+7 (843) 238-46-22,+7 (843) 567-20-75";"+7 (843) 518-92-83";http://budumamoy.ru,http://vk.com/budumamoy,http://twitter.com/@budumamoy
92924;"Будущее, АО, негосударственный пенсионный фонд";"Юридические / финансовые / бизнес-услуги";"Банковские / финансовые услуги";"Негосударственные пенсионные фонды";Казань;;0;info@futurenpf.ru;"8-800-333-32-55 (бесплатная единая справочная),+7 (843) 238-12-96,+7 (843) 238-18-96";;http://futurenpf.ru
1200648796;"Будь здоров, аптека";"Медицина / Здоровье / Красота";"Медицинские товары";Аптеки;Казань;;0;;"8-800-777-03-03 (круглосуточная единая справочная),+7 (843) 562-42-53,+7 (843) 580-24-78,+7 (843) 590-74-25,+7 (843) 236-49-16,+7 (843) 262-30-05";;http://www.rigla.ru
352591;"Будь Здоров, многопрофильная клиника";"Медицина / Здоровье / Красота";"Медицинские услуги";"Многопрофильные медицинские центры";Казань;;0;info@kzn.budzdorov.su,jukov@kzn.budzdorov.su;;"+7 (843) 567-11-11 (многоканальный)";http://klinikabudzdorov.ru/ufa/patients/appointment/,http://klinikabudzdorov.ru/kazan
5145;"Букет Столицы, сеть флористических салонов";"Торговые комплексы / Спецмагазины";Спецмагазины;Цветы;Казань;;0;buket016@mail.ru;"8-800-200-50-00 (бесплатная единая справочная),+7 (843) 265-65-65 (единая справочная),+7 (843) 265-77-77 (единая справочная),+7-953-409-90-77,+7-952-038-00-39,+7 (843) 554-01-01,+7-953-999-91-78,+7 (843) 520-69-59,+7 (843) 512-52-22,+7-904-669-99-21,+7 (8";;http://www.buket116.ru,http://vk.com/buket116,http://instagram.com/buket016
1100301231;"Букетория, флористический салон";"Торговые комплексы / Спецмагазины";Спецмагазины;Цветы;Казань;;0;buketoria@mail.ru;"+7 (843) 259-93-92 (круглосуточная единая справочная)";;http://vk.com/buketoria,http://instagram.com/buketoria
1100101007;"БУЛАРТ, торгово-производственная компания";"Хозтовары / Канцелярия / Упаковка";"Садово-хозяйственные товары";Теплицы;Казань;;0;info@bulartk.ru;"+7 (843) 212-23-06 (единая справочная - пн-пт 9:00-18:00, сб 10:00-15:00),+7 (843) 212-23-04 (единая справочная - пн-пт 9:00-18:00, сб 10:00-15:00),+7 (843) 216-77-52,+7-962-556-77-52,+7 (843) 253-70-73";;http://bulartk.ru,http://vk.com/bulartk
19693;"Булгари Грин, ООО, производственно-торговая компания";"Медицина / Здоровье / Красота";"Медицинские товары";"Средства гигиены";Казань;;0;bgreen@bgreen.ru;"8-800-700-98-34 (бесплатная горячая линия - пн-пт 8:00-17:00),+7 (843) 570-38-32,+7 (843) 570-38-39";;http://www.bgreen.ru
136277;"БулгарПромо, веб-студия";"Интернет / Связь / Информационные технологии";Интернет;"Разработка / поддержка / продвижение web-сайтов";Казань;;0;office@chrb.ru;"8-800-333-30-77 (единая справочная),+7 (843) 524-73-75,+7 (843) 251-30-77";;http://bulgar-promo.ru,http://vk.com/bulgarpromo,http://twitter.com/@bulgarpromo
82836;"Булгар-мебель, производственно-торговая компания";"Мебель / Материалы / Фурнитура";Мебель;"Офисная мебель";Казань;;0;muradymov_rail@mail.ru;"+7 (843) 214-39-33";"+7 (843) 533-14-97,+7 (843) 278-47-03,+7 (843) 278-47-04";http://www.som-kazan.ru
1200706840;"Булгар-офис, бизнес-центр";"Строительство / Недвижимость / Ремонт";Недвижимость;Бизнес-центры;Казань;;0;;"+7 (843) 278-01-02 (единая справочная),+7 (843) 277-30-20 (единая справочная)";;http://www.a-s-t-o-r.ru
1201406932;"Булка, пекарня";"Продукты питания / Напитки";"Продукты питания";"Хлебобулочные изделия";Зеленодольск;;0;spapakazan@gmail.com;"+7 (843) 264-32-02,+7-950-320-33-17,+7 (843) 296-99-91";;http://vk.com/club83644230
1213589070;"БУМ-ШОУ, арт-студия";"Досуг / Развлечения / Общественное питание";"Услуги по организации праздников / досуга";"Организация и проведение праздников";Зеленодольск;;0;;+7-927-436-19-51;;http://boum-show.ru
1200154594;"Бургер Кинг, сеть ресторанов быстрого питания";"Досуг / Развлечения / Общественное питание";"Общественное питание";"Кафе / рестораны быстрого питания";Казань;;0;bkcard@burgerking.ru;"8-800-700-66-25 (бесплатная круглосуточная единая справочная),+7-960-037-17-65";;http://burgerking.ru,http://vk.com/burgerking,http://facebook.com/burgerkingrussia,http://instagram.com/burgerking_russia
14858;"Буревестник, ООО, транспортная компания";"Транспорт / Грузоперевозки";"Грузоперевозки / Транспортные услуги";"Заказ автобусов";Казань;;0;bus-kazan@yandex.ru;"+7 (843) 240-26-00 (круглосуточная единая справочная),+7 (843) 240-76-77 (единая справочная)";"+7 (843) 238-47-71 (единая справочная)";http://bus-kazan.ru
3849;"Бутик соблазна Штучки, сеть интим-магазинов";"Торговые комплексы / Спецмагазины";Спецмагазины;"Эротические товары";Казань;;0;shtuchki-07@mail.ru;"+7 (843) 295-40-40 (многоканальный),+7 (843) 522-82-34,+7 (843) 561-19-34,+7 (843) 261-46-00,+7 (843) 273-17-84";;http://www.butik-soblazna.ru,http://vk.com/butik_soblazna,http://instagram.com/shtuchki_butik_soblazna,http://www.butik-soblazna.ru/
1201299265;"Бутоньерка, флористическая студия";"Торговые комплексы / Спецмагазины";Спецмагазины;Цветы;Казань;;0;3yw@mail.ru;"+7-919-695-80-66 (единая справочная)";;
360180;"Бутоньерка, цветочный магазин, ИП Трифонова Ю.А.";"Торговые комплексы / Спецмагазины";Спецмагазины;Цветы;Казань;;0;;"+7 (843) 297-90-88 (круглосуточная единая справочная)";;
74831;"Бухинроста, ООО, бухгалтерская фирма";"Юридические / финансовые / бизнес-услуги";Бизнес-услуги;"Бухгалтерские услуги";Казань;;0;bukhinrosta@yandex.ru;+7-917-888-01-55;;
1100139959;"Бухта Радости, зоомагазин";"Товары для животных / Ветеринария";"Товары / услуги для животных";"Зоотовары / Домашние питомцы";Казань;;0;;"+7-960-040-15-73 (единая справочная - пн-пт 10:00-20:00, сб-вс 10:00-19:00),+7-960-043-73-63 (единая справочная - пн-пт 10:00-20:00, сб-вс 10:00-19:00)";;
1216369437;"Бухта, гостевой дом";"Спорт / Отдых / Туризм";"Туризм / Отдых";Гостиницы;Казань;;0;;"+7 (843) 297-79-37,+7 (843) 240-00-38";;http://buhta.jimdo.com
75478;"Быстробанк, ПАО";"Юридические / финансовые / бизнес-услуги";"Банковские / финансовые услуги";Банки;Казань;;0;;"8-800-333-22-65 (бесплатная горячая линия - пн-вс 8:00-21:00),+7 (843) 261-52-30,+7 (843) 261-52-31";"+7 (843) 261-52-29";http://bystrobank.ru,http://ok.ru/group/53676868042866,http://vk.com/bystrobank,http://twitter.com/@bystrobank,http://facebook.com/bystrobank
154638;"Быстроденьги, сеть компаний по выдаче займов, ООО Магазин Малого Кредитования";"Юридические / финансовые / бизнес-услуги";"Банковские / финансовые услуги";Микрофинансирование;Казань;;0;info@bistrodengi.ru;"8-800-700-43-44 (бесплатная круглосуточная единая справочная)";;http://bistrodengi.ru
234778;"БытСервис, ООО, ателье-мастерская";"Коммунальные / бытовые / ритуальные услуги";Ателье;"Ателье швейные";Казань;;0;2609898@mail.ru;"+7 (843) 260-98-98 (круглосуточная единая справочная),+7 (843) 216-38-98,+7 (843) 240-32-21,+7 (843) 216-55-48,+7 (843) 216-35-70,+7 (843) 216-55-27";;
143784;"Бэби-клуб, сеть центров детского развития";"Образование / Работа / Карьера";"Общее образование / Центры раннего развития детей";"Центры раннего развития детей";Казань;;0;kzn.vahitova@baby-club.ru,kzn.chist@baby-club.ru;"8-800-100-20-24 (бесплатная единая справочная),+7 (843) 297-40-95,+7-987-297-40-95,+7-966-250-84-84";;http://www.baby-club.ru,http://vk.com/club18089955
93349;"БЭИС, ООО, строительно-монтажная фирма";"Строительство / Недвижимость / Ремонт";"Строительные / монтажные работы";"Услуги по устройству промышленных / наливных полов";Казань;;0;base-f@mail.ru;"+7 (843) 226-92-90";"+7 (843) 204-81-49";http://base-f.ru
1216510917;"Бэйби Бум, магазин товаров для детей";"Одежда / Обувь";"Детские товары";"Детская одежда";Казань;;0;;"+7-960-044-90-50 (единая справочная - пн-вс 9:00-19:00)";;
6995;"Бэлкони Плюс, ООО, торгово-монтажная фирма";"Строительные / отделочные материалы";"Отделочные материалы";Окна;Казань;;0;balconyplus@yandex.ru;"+7 (843) 297-20-16 (круглосуточная единая справочная),+7-960-050-72-62 (круглосуточный)";"+7 (843) 554-99-00";http://balkoniplus.ru,http://vk.com/balkoniplus
1214158247;"Бэрэкатле, халяль кафе-пекарня";"Продукты питания / Напитки";"Продукты питания";"Хлебобулочные изделия";"Высокая Гора";;0;;"+7 (843) 209-02-07 (единая справочная - пн-вс 8:00-20:00),+7-905-314-23-71 (единая справочная - пн-вс 8:00-20:00),+7-927-030-31-72 (единая справочная - пн-вс 8:00-20:00)";;http://vk.com/pekarna_kazan_xalal,http://instagram.com/pekarna_kazan_xalal
1212000904;"БЭСТ-Комплект, ООО, производственная компания";"Строительные / отделочные материалы";"Строительные материалы / конструкции";"Фасадные материалы / конструкции";Казань;;0;best-215@mail.ru;"+7 (843) 214-14-24 (единый номер - пн-пт 9:00-17:00, сб 9:00-15:00),+7-904-669-48-94 (единый номер - пн-пт 9:00-17:00, сб 9:00-15:00)";;
10021;"Бюро криминальной информации, УВД по г. Казани";"Город / Власть";"Правоохранительные органы";"ОМВД / УМВД / ГУМВД / МВД";Казань;;0;;"+7 (843) 291-47-07 (круглосуточная горячая линия),052";;
57268;"Бюро ритуальных услуг, ИП Евсеева Н.Д.";"Коммунальные / бытовые / ритуальные услуги";"Ритуальные услуги";"Памятники / Ритуальные принадлежности";Казань;;0;;"+7 (843) 258-26-29 (круглосуточная единая справочная),+7 (843) 253-80-26 (круглосуточный)";;
34381;"Бюро ритуальных услуг, ИП Охонин Д.Ю.";"Коммунальные / бытовые / ритуальные услуги";"Ритуальные услуги";"Памятники / Ритуальные принадлежности";Казань;;0;;"+7-905-023-59-14 (круглосуточная единая справочная),+7 (843) 234-96-14,+7 (843) 249-11-45";;
1201312374;"Бюрократ, сеть магазинов канцелярских товаров";"Хозтовары / Канцелярия / Упаковка";"Книги / Канцелярия";"Канцелярские товары / Учебные принадлежности";Казань;;0;burokrat@burocratos.ru;"+7 (843) 212-21-53 (единая справочная - пн-вс 10:00-20:00)";;http://burocrat-shop.ru,http://www.burocratos.ru,http://vk.com/marketburocrat,http://instagram.com/market.burocrat
1027;"Бюстье, сеть магазинов нижнего белья";"Одежда / Обувь";"Одежда / Аксессуары";"Нижнее бельё";Казань;;0;info@wildorchid.ru;"+7 (843) 533-05-57,+7 (843) 518-86-06,+7 (843) 513-06-88";;http://www.wildorchid.ru,http://vk.com/bustier,http://facebook.com/bustiershop,http://instagram.com/bustier_store
1211135845;"В Центре, мини-отель";"Спорт / Отдых / Туризм";"Туризм / Отдых";Хостелы;Казань;;0;info@hotel-vcentre.ru;"8-800-500-61-30 (бесплатная круглосуточная единая справочная - пн-вс),+7 (843) 203-95-29 (круглосуточный),+7-927-033-33-45 (круглосуточный)";;http://hotel-vcentre.ru,http://vk.com/hotelvcentre
1990;"Вавилон, сеть продуктовых магазинов";"Продукты питания / Напитки";"Продукты питания";"Продовольственные магазины";Казань;;0;babilon_1997@mail.ru;"+7 (843) 276-43-95,+7 (843) 515-39-93,+7 (843) 238-55-95,+7 (843) 273-14-54,+7 (843) 554-34-04,+7 (843) 279-66-95,+7 (843) 293-41-32";"+7 (843) 273-56-31";
444095;"Вавилон, торговый дом";"Строительные / отделочные материалы";"Строительные материалы / конструкции";Кирпич;Казань;;0;vavilonkzn@yandex.ru;"+7 (843) 203-93-43,+7 (843) 202-20-16";;http://vavilontk.ru
14351;"Вавилон-С, производственно-торговая фирма";"Оборудование / Инструмент";Инструмент;Электроинструмент;"Высокая Гора";;0;marketing-vavilon@yandex.ru;"+7 (843) 515-13-13 (многоканальный),+7 (843) 515-77-32 (многоканальный),+7 (843) 525-44-15,+7 (843) 555-91-12";"+7 (843) 515-17-17 (многоканальный),+7 (843) 230-34-30";http://www.vavilon-s.ru
398025;"Валенсия групп, ООО, студия натяжных потолков";"Строительные / отделочные материалы";"Отделочные материалы";"Натяжные потолки";Казань;;0;valencia.rra@mail.ru;"подробности по  : 249-15-05,+7 (843) 249-15-05 (единая справочная - пн-вс 8:00-21:00)";;http://www.valen116.ru
1100301134;"Валенсия, банкетный зал";"Досуг / Развлечения / Общественное питание";"Места отдыха / Развлекательные заведения";"Банкетные залы";Казань;;0;banketvkazani@yandex.ru;"+7 (843) 246-48-28 (единая справочная - пн-вс 10:00-24:00),+7-917-882-88-28 (единая справочная - пн-вс 10:00-24:00),+7 (843) 248-78-28";;http://banket-valencia.ru,http://vk.com/club61664422,http://instagram.com/valencia_kazan
1214745149;"Валенсия, ООО, компания";"Товары для животных / Ветеринария";"Товары / услуги для животных";"Оборудование / инструменты для ветеринарной медицины";Казань;;0;vetkazan2013@gmail.com;"+7 (843) 262-54-36,+7 (843) 262-99-14";;http://www.vetinstrument.ru
164342;"Вальдэк, завод сборно-панельного домостроения";"Строительство / Недвижимость / Ремонт";"Строительство зданий / сооружений";"Быстровозводимые здания / сооружения";Казань;;0;info@valdek.ru;"8-800-555-26-55 (бесплатная единая справочная - пн-вс 9:00-21:00),+7 (843) 210-00-44";;http://www.valdek.ru
1212854948;"Валькирия, ООО, строительная компания";"Строительство / Недвижимость / Ремонт";"Строительство зданий / сооружений";"Строительство административных зданий";Казань;;0;;"+7-987-260-67-18 (единый номер - пн-вс 9:00-18:00)";;
140306;"Вам одобрено.ру, кредитный брокер";"Юридические / финансовые / бизнес-услуги";"Юридические услуги";"Помощь в оформлении кредита";Казань;;0;info@vamodobreno.ru;"8-800-333-63-53 (круглосуточная единая справочная),+7 (843) 262-61-10,+7 (843) 262-61-11,+7 (843) 513-08-69,+7 (843) 513-08-71";;http://vamodobreno.ru
128649;"Васильевский, санаторий";"Медицина / Здоровье / Красота";"Медицинские учреждения";"Санатории / Профилактории";Васильево;;0;vasilsan@yandex.ru;"+7 (84371) 6-22-21,+7 (84371) 6-20-10,+7 (84371) 6-22-25 (приемная),+7 (843) 259-24-70,+7 (843) 259-24-60";;http://www.vasilevo.ru,http://vk.com/club20692101
1215619266;"Вау! Строй, компания";"Строительство / Недвижимость / Ремонт";"Строительные / монтажные работы";"Ремонт / отделка помещений";Казань;;0;kzn@vau-stroy.ru;"+7 (843) 216-85-85";;http://vau-stroy.ru
17856;"Ваш автомобиль, центр кузовного ремонта";"Автосервис / Автотовары";Автосервис;"Авторемонт и техобслуживание (СТО)";Казань;;0;vash-avto-k@yandex.ru;"+7 (843) 2-725-725,+7 (843) 272-22-10";;http://www.yourcar.ru/,http://www.yourcar.ru,http://vk.com/vashavtomobile
498172;"Ваш брокер, ООО, группа компаний";"Юридические / финансовые / бизнес-услуги";Страхование;Страхование;Казань;;0;ooo_vash_broker@mail.ru;"+7 (843) 210-09-77 (круглосуточная горячая линия),+7 (843) 245-11-79,+7-937-615-11-79,+7 (843) 237-58-88,+7 (843) 212-21-74";;http://www.vb-kzn.ru
10307;"Ваш Быт, сеть мебельных магазинов";"Мебель / Материалы / Фурнитура";Мебель;"Корпусная мебель";Казань;;0;office@vashbyt.ru;"+7 (843) 299-40-60 (единая справочная - пн-вс 8:00-20:00),+7 (843) 570-53-95,+7 (843) 511-96-71,+7 (843) 511-96-55,+7 (843) 511-48-76,+7 (843) 521-47-85";;http://www.vashbyt.ru,http://vk.com/club24981802
1100073131;"Ваш Надежный Партнер, центр юридических услуг, ООО ТатЮрКонсалт";"Юридические / финансовые / бизнес-услуги";"Юридические услуги";"Ведение дел в судах";Казань;;0;info@vnp-rf.ru;"+7 (843) 202-41-14 (единая справочная),+7 (843) 290-73-70 (единая справочная),+7-987-290-76-70 (единая справочная)";;http://tatkonsalt.ru,http://tatkonsalt.ru/
1200752593;"Ваш переводчик, центр языковых услуг";"Образование / Работа / Карьера";"Дополнительное образование / Развивающие курсы";"Перевод с иностранных языков";Казань;;0;vashperevodchik.kazan@gmail.com;"+7 (843) 240-42-52 (круглосуточная единая справочная),+7-962-555-87-37 (круглосуточная единая справочная)";;http://vpkazan.ru,http://vk.com/club74520039
1100184609;"Ваш страховой партнер, ИП Савельева Э.А.";"Юридические / финансовые / бизнес-услуги";Страхование;Страхование;Зеленодольск;;0;your-inf.partner@yandex.ru;"+7-917-264-96-17 (единая справочная - пн-сб 8:00-21:00),+7 (84371) 5-91-91,+7 (84371) 6-03-43";;
157648;"Ваш экипаж, ООО, транспортная компания";"Транспорт / Грузоперевозки";"Грузоперевозки / Транспортные услуги";"Заказ спецтехники";Казань;;0;2977414@bk.ru;"+7 (843) 297-74-14";;http://spectehnika-kzn.ru
156924;"Ваша печать, рекламно-производственная компания, ИП Терёхин А.В.";"Юридические / финансовые / бизнес-услуги";"Юридические услуги";"Изготовление печатей / штампов";Казань;;0;2901288@mail.ru;"+7 (843) 290-12-88 (круглосуточная единая справочная)";;http://2901288.ds16.ru
396250;"Ваше право, ООО, юридический центр";"Юридические / финансовые / бизнес-услуги";"Юридические услуги";"Юридическое обслуживание";Казань;;0;ooovp2011@mail.ru;"+7-903-388-97-79,+7 (843) 216-78-08";;http://vashepravo-kzn.ru
1214413948;"Вашзавхоз, оптово-розничная компания, ИП Мингалиев А.Г.";"Хозтовары / Канцелярия / Упаковка";"Садово-хозяйственные товары";"Хозяйственные товары";Казань;;0;zavxoz85@mail.ru;"+7-903-305-38-76 (единый номер - пн-вс 9:00-21:00),+7-917-880-51-23 (единый номер - пн-вс 9:00-21:00)";;
401783;"Ваши деньги, компания по выдаче займов, ООО Джет Мани Микрофинанс";"Юридические / финансовые / бизнес-услуги";"Банковские / финансовые услуги";Микрофинансирование;Казань;;0;;"8-800-200-21-81 (бесплатная единая справочная - пн-вс 9:00-21:00),+7-903-306-55-74,+7-966-240-37-46,+7-903-306-53-64,+7-903-343-53-19,+7-966-240-37-54";;http://jetmoney.ru
206393;"Ваши друзья, сайт о животных и птицах";"Интернет / Связь / Информационные технологии";Интернет;"Городские информационные сайты";Зеленодольск;;0;;;;http://www.dogcathorsebird.ru
78587;"ВВМ-ПРИНТ, ООО, торгово-сервисный центр";"Компьютеры / Бытовая техника / Офисная техника";"Оргтехника / Офисная техника";"Ремонт оргтехники";Казань;;0;bbm-print@mail.ru;"+7 (843) 203-36-13,+7-927-428-89-68,+7 (843) 203-58-33";"Продажа, ремонт, обслуживание 3D-принтеров, принтеров, копиров, МФУ,  ов, офисных мини-АТС, серверов, сетевого оборудования, компьютеров, ноутбуков, моноблоков.";http://vk.com/vvm_print,http://vk.com/vvm_print
64116;"Вдохновение, ООО, сеть продуктовых магазинов";"Продукты питания / Напитки";"Продукты питания";"Продовольственные магазины";Казань;;0;;"+7 (843) 261-18-03 (единая справочная)";;
52556;"Веда, ООО, производственно-полиграфическая компания";"Реклама / Полиграфия / СМИ";"Издательское дело / Полиграфия";"Полиграфические услуги";Казань;;0;oooveda@gmail.com;"+7 (843) 278-96-96";"+7 (843) 278-97-97";
1201142951;"Ведомственный центр телефонного обслуживания Росреестра, ФГБУ";"Город / Власть";"Органы государственного управления / надзора";"Федеральные службы";Казань;;0;kazan@vco.rosreesrtr.ru;"8-800-100-34-34 (бесплатная круглосуточная единая справочная),+7 (843) 237-61-57";;http://vk.com/public61025451
78408;"Вектор Бизнеса, образовательный центр";"Образование / Работа / Карьера";"Работа / Карьера";"Бизнес-тренинги / семинары";Казань;;0;info@vectorbusiness.ru;"+7 (843) 267-24-72 (единая справочная - пн-вс 9:00-19:00),+7 (843) 267-24-91 (единая справочная - пн-вс 9:00-19:00),+7 (843) 267-22-40";;http://www.vectorbusiness.ru
1213521731;"Вектор Навигатор, ООО, торгово-сервисный центр по продаже и обслуживанию тахографов";"Интернет / Связь / Информационные технологии";"Средства связи";"Навигационное оборудование";Казань;;0;ajv@vector.ru;"+7 (843) 567-18-18 (единый номер),8-800-700-79-51 (бесплатная горячая линия)";;http://vector-navigator.ru
1100410358;"Вектор, фотокопировальный центр";"Коммунальные / бытовые / ритуальные услуги";"Бытовые услуги";Фотоцентры;Казань;;0;vectorfoto@mail.ru;"+7 (843) 239-44-16 (единая справочная - пн-вс 9:00-18:00),+7-937-004-44-16,+7-937-776-44-16";;http://vk.com/vectorfoto,http://instagram.com/vectorfoto
341473;"Вектор-Прайм, ООО, монтажная фирма";"Строительство / Недвижимость / Ремонт";"Строительные / монтажные работы";"Обслуживание внутренних систем отопления / водоснабжения / канализации";Казань;;0;;+7-903-344-22-70;;
112415;"ВЕЛА, туристическое агентство";"Спорт / Отдых / Туризм";"Туризм / Отдых";"Туристические агентства";Казань;;0;wela-tourism@mail.ru;"8-800-200-05-46 (бесплатная единая справочная),+7-906-323-21-21,+7-903-344-75-07";"+7 (84371) 4-15-65";http://vk.com/club36511729,http://twitter.com/@well_russia
1200339663;"Велорент, торгово-прокатная компания";"Спорт / Отдых / Туризм";"Спортивные товары";"Прокат спортивного инвентаря / техники";Казань;;0;;+7-919-622-55-45,+7-919-633-30-00;;http://vk.com/bikekazan
1200088351;"ВЕЛО-СПОРТ, спортивный магазин";"Спорт / Отдых / Туризм";"Спортивные товары";Велосипеды;Казань;;0;;"+7-967-460-32-20 (единый номер),+7 (843) 250-90-96";;http://www.velosky.ru,http://vk.com/ridsport
1100055280;"ВЕЛО-Snow Sport, компания по прокату горнолыжного оборудования";"Спорт / Отдых / Туризм";"Спортивные товары";"Прокат спортивного инвентаря / техники";Казань;;0;textme@snow-sport.net;"+7 (843) 259-45-84";;http://vprokat.org,http://www.snow-sport.net,http://vk.com/club46972664
36472;"Венге, паркетный салон";"Строительные / отделочные материалы";"Отделочные материалы";"Межкомнатные двери";Казань;;0;wengekzn@mail.ru;"+7 (843) 518-98-04";"+7 (843) 522-86-19";http://wengekazan.ru,http://wengekazan.ru/
194865;"Венеция. Камень и керамика, оптово-розничная компания";"Строительные / отделочные материалы";"Отделочные материалы";"Облицовочный камень";Казань;;0;kzn@veneziastone.com;"+7 (84365) 2-40-82,+7 (84365) 2-40-83,+7 (84365) 2-40-81";;http://veneziastone.com/,http://veneziastone.com,http://vk.com/veneziastone
1100372924;"Вента, ООО, торгово-строительная компания";"Строительные / отделочные материалы";"Строительные материалы / конструкции";"Кровельные материалы";Казань;;0;ventakzn@mail.ru;"+7 (843) 249-11-85,+7 (843) 278-76-09";;http://ventakzn.ru/,http://ventakzn.ru,http://ventadom.ru
202752;"Вера и время, православный информационный портал";"Интернет / Связь / Информационные технологии";Интернет;"Городские информационные сайты";Казань;;0;dialog@verav.ru;;;http://www.verav.ru
15235;"Веран, ООО, сеть магазинов спецодежды";"Одежда / Обувь";"Одежда / Аксессуары";"Спецодежда / Средства индивидуальной защиты";Казань;;0;klad251@yandex.ru;"+7 (843) 290-00-19 (единый номер),+7 (843) 272-23-95,+7 (843) 258-56-57";;
9661;"Вера, общественная организация родственников наркозависимых";"Город / Власть";"Общественные / политические организации";"Общественные организации";Казань;;0;r-vetroff@nm.ru;"+7 (843) 555-13-04 (единая справочная - пн-пт 8:00-22:00)";;
11058;"Вера-Тур, туристическое агентство";"Спорт / Отдых / Туризм";"Туризм / Отдых";"Туристические агентства";Казань;;0;office1@vera-tour.ru;"+7 (843) 517-01-71";"+7 (843) 230-49-80 (многоканальный)";http://www.vera-tour.ru
1211558885;"Верда Казань, производственно-торговая компания межкомнатных дверей";"Строительные / отделочные материалы";"Отделочные материалы";"Межкомнатные двери";Казань;;0;verdakazan@mail.ru,verdasavinovo@mail.ru;"+7 (843) 205-60-70 (многоканальный),+7-927-488-88-20,+7 (843) 205-60-80";;http://verda-kazan.ru
188856;"Верное решение, фирма юридических и бизнес-услуг";"Юридические / финансовые / бизнес-услуги";"Юридические услуги";"Регистрация / ликвидация предприятий";Казань;;0;2906500@rambler.ru;"+7 (843) 290-65-00 (круглосуточная единая справочная)";"+7 (843) 517-45-55 (круглосуточная единая справочная)";
1201367922;"Верный, сеть универсамов";"Торговые комплексы / Спецмагазины";"Торговые комплексы";Супермаркеты;Казань;;0;;;;http://verno-info.ru
201611;"Вертекс, торгово-сервисная компания";"Компьютеры / Бытовая техника / Офисная техника";"Оргтехника / Офисная техника";"Заправка картриджей";Казань;;0;vertex-kzn@mail.ru,vertex-kazan@mail.ru;"+7 (843) 554-60-38,+7 (843) 259-29-11,+7 (843) 259-29-91,+7 (843) 554-60-25";;http://vertex-kzn.ru,http://vk.com/vertex_rf_rt_kazan
14241;"ВерШина, сеть торгово-сервисных центров";"Автосервис / Автотовары";Автотовары;"Шины / Диски";Казань;;0;vershina-kazan@mail.ru;"+7 (843) 555-21-41 (единая справочная),+7 (843) 290-10-40 (единая справочная),+7 (843) 570-55-05,+7 (843) 517-53-75,+7 (843) 521-77-33,+7 (843) 521-60-60";"+7 (843) 555-21-52,+7 (843) 570-55-50,+7 (843) 517-54-45";"http://vershina-kazan.ru/ или по телефону +7 (843) 290 10 40.,http://vershina-kazan.ru,http://vk.com/vershinakazan,http://twitter.com/@vershina_kazan,http://vershina-kazan.ru/skidki/"
14349;"Веселый Шурик, праздничное агентство";"Досуг / Развлечения / Общественное питание";"Услуги по организации праздников / досуга";"Организация и проведение праздников";Казань;;0;happy-shurik.kzn@mail.ru;"+7 (843) 267-56-73";;http://www.happy-shurik.ru,http://vk.com/zapiskiexperta
31744;"Весна, ООО, торгово-производственная компания";"Строительные / отделочные материалы";"Отделочные материалы";"Оргстекло / Поликарбонат";Казань;;0;kaz@plasticme.ru;"+7 (843) 518-12-13,+7 (843) 518-07-72,+7 (843) 298-10-72";;
1100316595;"Веста, производственно-торговая компания";"Текстиль / Предметы интерьера";"Предметы интерьера / экстерьера";"Печи / Камины";Казань;;0;dymoxody@gmail.com,dymoxody@mail.ru,dymoxody@mail.ru,dymoxody@mail.ru;"+7-917-883-00-00 (единая справочная - пн-сб 8:00-17:00),+7-917-862-97-33,+7-987-219-30-25,+7-987-172-40-42,+7 (843) 253-17-11,+7-903-305-17-11,+7-962-559-11-55,+7 (843) 259-11-55,+7-966-250-00-35,+7-966-250-00-35";;http://moddym.ru
20200;"Вестфалика, типография";"Реклама / Полиграфия / СМИ";"Издательское дело / Полиграфия";"Полиграфические услуги";Казань;;0;westfalika@inbox.ru;"+7 (843) 292-98-92,+7 (843) 260-38-41";;
1100298094;"ВетБарс, ветеринарная клиника";"Товары для животных / Ветеринария";Ветеринария;"Ветеринарные клиники";Казань;;0;;;;
66351;"ВетБарс, клиника ветеринарной медицины";"Товары для животных / Ветеринария";Ветеринария;"Ветеринарные клиники";Казань;;0;;"+7 (843) 253-64-21,+7 (84371) 7-67-00";;http://vetbars.com,http://vk.com/vetbars
16365;"Вечерняя Казань, газета";"Реклама / Полиграфия / СМИ";СМИ;Газеты;Казань;;0;info@evening-kazan.ru,2494091@mail.ru;"+7 (843) 524-77-01,+7 (843) 524-77-02,+7 (843) 524-77-03,+7 (843) 524-77-05,+7 (843) 524-77-06";"+7 (843) 514-11-50";http://www.evening-kazan.ru,http://vk.com/public27450178,http://twitter.com/@evening_kazan
1100210845;"Взвод, спортивный клуб";"Досуг / Развлечения / Общественное питание";"Места отдыха / Развлекательные заведения";"Спортивно-тактические клубы";Казань;;0;iskander361@yandex.ru;"+7 (843) 245-47-89 (единый номер - пн-вс 8:00-21:00),+7 (843) 225-02-19 (единый номер - пн-вс 8:00-21:00),+7-903-343-88-13";;http://vk.com/vzvod116
1211773522;"Взлетная полоса, жилой комплекс, ООО Варикус";"Строительство / Недвижимость / Ремонт";Новостройки;Новостройки;Казань;;0;info@vzletpolosa.ru;"+7 (843) 210-11-28 (застройщик),+7 (843) 212-22-72 (отдел продаж)";;http://www.vzletpolosa.ru
174674;"Вива, салон оптики";"Медицина / Здоровье / Красота";"Медицинские товары";Оптика;"Волжск (Марий Эл респ.)";;0;;"+7 (843) 556-64-66 (единая справочная)";;
1214088641;"ВидеоЗаяц, видеостудия";"Реклама / Полиграфия / СМИ";"Рекламные услуги";Видеостудии;Казань;;0;art@videozayac.ru;"8-800-500-06-31 (бесплатная горячая линия)";;http://videozayac.ru
1211351059;"Видный, жилой комплекс, ООО Инновационно-технический центр";"Строительство / Недвижимость / Ремонт";Новостройки;Новостройки;Казань;;0;7ya7@list.ru;"+7-987-225-57-55 (отдел продаж - пн-пт 9:00-17:00, сб 9:00-15:00)";;http://7ya7.ru/sale,http://vk.com/7ya7dom,http://7ya7.ru/sale
176257;"Визави, торгово-сервисный центр, ИП Закирова Ф.И.";"Реклама / Полиграфия / СМИ";"Издательское дело / Полиграфия";"Оперативная полиграфия";Казань;;0;zakirova.far@yandex.ru;"+7-965-580-89-90 (круглосуточная единая справочная)";;
1100058051;"Вика-Двина, ООО, производственно-торговая компания, филиал в г. Казани";"Мебель / Материалы / Фурнитура";Мебель;"Металлическая мебель для помещений";Казань;;0;kazan@cerera-mebel.ru;"8-800-555-81-85 (бесплатная единая справочная - пн-пт 8:30-17:30),+7 (843) 226-85-86";"+7 (843) 524-70-72";http://cerera-mebel.ru,http://vk.com/cereramebel,http://twitter.com/@cereramebel,http://facebook.com/pages/металлическая-мебель/390026577739626
1211771529;"Виктория, ООО, страховое агентство";"Юридические / финансовые / бизнес-услуги";Страхование;Страхование;Казань;;0;;"+7 (843) 258-47-98 (единый номер),+7-905-024-51-29 (единый номер)";;http://viktoriya-sa.ru
113259;"Винарь, сеть магазинов алкогольной продукции";"Продукты питания / Напитки";Напитки;"Алкогольные напитки";Казань;;0;vikman32@mail.ru;"+7 (83631) 4-42-74 (единая справочная - пн-вс 8:00-20:00, перерыв: 13:00-14:00),+7 (83631) 6-01-06,+7-909-369-57-90";;
1211940967;"ВИП вело, интернет-магазин";"Спорт / Отдых / Туризм";"Спортивные товары";Велосипеды;Казань;;0;vip-velo@mail.ru;"8-800-222-22-04 (единая справочная - пн-вс 9:00-18:00)";;http://www.vip-velo.ru
227502;"ВИПСИЛИНГ, торгово-монтажная компания";"Строительные / отделочные материалы";"Отделочные материалы";"Натяжные потолки";Казань;;0;info@vipceiling.ru;"8-800-200-00-92 (бесплатная единая справочная),+7 (843) 200-03-20";;http://vipceiling.ru,http://vk.com/vipceiling,http://twitter.com/@vipceiling,http://facebook.com/vipceiling,http://instagram.com/vipceiling
187263;"Вип-авто, автошкола";"Образование / Работа / Карьера";"Дополнительное образование / Развивающие курсы";Автошколы;Казань;;0;farid.nagimov@yandex.ru;"+7-987-297-66-66,+7 (843) 297-66-66,+7 (843) 225-44-55,+7 (843) 226-29-29,+7 (843) 226-27-27,+7 (843) 226-28-28,+7 (843) 299-96-70,+7 (843) 226-01-01,+7 (843) 296-88-44,+7 (843) 226-21-21,+7 (843) 297-44-66,+7 (843) 226-14-14,+7-987-226-14-14";;http://vipauto-kzn.ru,http://vk.com/vipavtoschool
19586;"ВИРАЖ, сеть автомагазинов";"Автосервис / Автотовары";Автотовары;"Автозапчасти для иномарок";Киндери;;0;;"+7 (843) 2-04-04-04 (единая справочная - пн-пт 9:00-19:00, сб-вс 9:00-18:00),+7 (843) 203-82-13,+7 (843) 253-02-16,+7 (843) 240-42-80,+7-966-240-42-80,+7 (843) 211-90-61,+7 (843) 519-13-97,+7 (843) 204-21-11,+7 (843) 204-58-78,+7 (843) 278-09-59,+7 (843) ";;http://www.virage-kzn.ru
8982;"Виртуоз, сеть салонов красоты";"Медицина / Здоровье / Красота";"Красота / Здоровье";Парикмахерские;Казань;;0;;"+7 (843) 296-72-10,+7 (843) 238-30-28,+7 (843) 537-92-82,+7 (843) 296-24-52,+7 (843) 273-02-13,+7 (843) 290-28-10,+7 (843) 290-17-60";;http://virtuoz-salon.ru,http://vk.com/club17844164
113562;"Вирт, компьютерно-сервисная фирма";"Компьютеры / Бытовая техника / Офисная техника";Компьютеры;"Компьютеры / Комплектующие";Казань;;0;virtcomp@inbox.ru;"+7 (84371) 5-80-66 (единая справочная - пн-пт 9:00-19:00, сб-вс 9:00-18:00),+7 (83631) 6-00-02";;
353950;"Висма Люкс, торговая компания";"Продукты питания / Напитки";Напитки;"Питьевая вода";Зеленодольск;;0;elemit@visma-arkhyz.ru;"+7 (843) 204-22-44";;http://arkhyz-visma.ru
1213582965;"Висмут, ООО, оптовая компания";"Продукты питания / Напитки";"Продукты питания";"Снэковая продукция";Макаровка;"Тихорецкая 2-я, 39а";0;;;;
130911;"Виссманн, ООО, представительство в г. Казани";"Оборудование / Инструмент";"Климатическое оборудование";"Котельное оборудование / Котлы";Макаровка;;0;egoa@viessmann.com;"+7 (843) 580-01-11,+7-917-220-12-15,+7 (843) 272-19-58,+7 (843) 580-01-11";"+7 (843) 580-05-15";http://www.viessmann.ru,http://vk.com/viessmannru,http://twitter.com/@viessmannru,http://facebook.com/viessmannrussia,http://www.viessmann.ru/ru/aktualnyi-prais-list.html
1211907661;"ВИТА ПЛЮС, ООО, медицинский центр";"Медицина / Здоровье / Красота";"Медицинские услуги";"Диагностические центры";Казань;;0;vita.plyus@mail.ru;"+7-937-615-42-51,+7-937-289-27-07,+7 (843) 245-42-51";;http://vitaplus-med.ru/news,http://vitaplus-med.ru,http://vk.com/club89890562,http://instagram.com/clinika_vita
3682;"Вита, сеть аптек";"Медицина / Здоровье / Красота";"Медицинские товары";Аптеки;Казань;;0;kashapova@vita-samara.ru;"+7 (843) 527-52-54 (единая справочная - пн-вс 9:00-21:00),+7 (843) 514-88-31,+7 (843) 245-25-61,+7 (843) 590-03-52,+7 (843) 239-41-21,+7 (843) 298-10-95,+7 (843) 239-15-20,+7 (843) 523-73-16,+7 (843) 230-36-14,+7 (843) 239-25-06,+7 (843) 239-18-75,+7 (843";;http://aptekivita.ru
974;"Вита, центр практической психологии";"Медицина / Здоровье / Красота";"Медицинские услуги";"Психологическая помощь в избавлении от зависимостей";Казань;;0;name@email.ru;"8-800-333-84-82 (бесплатная горячая линия - пн-сб 9:00-18:00),+7 (843) 224-10-24";;http://www.mcvita.ru
1211565742;"Вита-Казань, центр реабилитации";"Медицина / Здоровье / Красота";"Медицинские услуги";"Психологическая помощь в избавлении от зависимостей";Казань;;0;mail@vperemen.com;"8-800-222-22-91 (бесплатная горячая линия)";;http://kazan.vperemen.com,http://vk.com/stopspice,http://facebook.com/rebcentrkzn
158678;"Витек-Групп, ООО, производственно-торговая компания";"Строительные / отделочные материалы";"Строительные материалы / конструкции";"Теплоизоляционные материалы";Казань;;0;dik33@yandex.ru;"+7 (843) 247-03-78 (единая справочная - пн-пт 9:00-16:00, сб 8:00-11:00)";"+7 (843) 298-50-08";
1201342080;"Витринки, служба доставки";"Досуг / Развлечения / Общественное питание";"Общественное питание";"Доставка готовых блюд";Казань;;0;;"+7 (843) 202-39-49";;http://kazan.vitrinki.com,http://vk.com/club42198707
10299;"Вияна, сеть салонов оптики";"Медицина / Здоровье / Красота";"Медицинские товары";Оптика;Казань;;0;veyana@list.ru;"+7 (843) 564-50-94,+7 (843) 527-89-90,+7 (843) 236-59-87";;
494968;"Вланта, ателье";"Коммунальные / бытовые / ритуальные услуги";Ателье;"Ателье швейные";Казань;;0;;"+7-906-326-68-28 (единая справочная - пн-пт 10:00-19:00, сб 10:00-17:00),+7 (843) 527-74-98";;http://vk.com/club64145926
1200943871;"Внедорожник, тюнинг-ателье";"Автосервис / Автотовары";Автосервис;Тюнинг;Казань;"Леонида Черкасова, 2а/1";0;art-studio.kzn@mail.ru;7-987-262-77-99;;
1100408132;"Вобла, сеть магазинов разливных напитков";"Продукты питания / Напитки";Напитки;"Магазины разливного пива";Казань;;0;vobla-beer@mail.ru;"+7-987-225-45-44 (единая справочная - пн-вс 9:00-22:00)";;http://www.vobla-beer.ru,http://vk.com/voblabeerkzn
1100053934;"Водовоз, ООО, многопрофильная компания";"Транспорт / Грузоперевозки";"Грузоперевозки / Транспортные услуги";"Заказ спецтехники";Казань;;0;;;;
65097;"Водоканал, МУП";"Строительство / Недвижимость / Ремонт";"Строительные / монтажные работы";"Обслуживание внутренних систем отопления / водоснабжения / канализации";Казань;;0;;;;
1100040889;"ВодоходЪ, судоходная компания";"Спорт / Отдых / Туризм";"Туризм / Отдых";Туроператоры;Казань;;0;kazan@vodohod.ru;"8-800-555-05-05 (бесплатная единая справочная),+7 (843) 231-83-31,+7 (843) 231-83-32";;http://vodohod.com,http://volga-vodohod.ru,http://vk.com/vodohod,http://instagram.com/vodohod_official,http://www.vodohod.com/
1212567236;"ВОЗОВОЗ, транспортная компания";"Транспорт / Грузоперевозки";"Грузоперевозки / Транспортные услуги";"Междугородные автогрузоперевозки";Казань;;0;m.bessonov@vozovoz.ru;"8-800-707-20-02 (единая справочная)";;http://vozovoz.ru,http://vk.com/vozovoz,http://facebook.com/vozovoz
7632;"Волгатехпродукт, ООО, торгово-монтажная фирма";"Охрана / Безопасность";"Охрана / Безопасность";"Противопожарное оборудование / инвентарь";Казань;;0;volgatex@inbox.ru;"+7 (843) 210-21-80,+7 (843) 275-83-43,+7 (843) 248-48-85,+7 (843) 248-48-97";"+7 (843) 228-55-92";http://волгатехпродукт.рф/,http://волгатехпродукт.рф
25373;"Волга, гостиничный комплекс";"Спорт / Отдых / Туризм";"Туризм / Отдых";Гостиницы;Казань;;0;info.volgahotel@mail.ru,hotelvolgakazan@mail.ru;"8-800-333-03-49 (бесплатная горячая линия),+7 (843) 231-63-49,+7 (843) 292-18-94";;http://www.volga-hotel.ru
82548;"Волга, ООО, торговый дом";"Строительные / отделочные материалы";"Строительные материалы / конструкции";"Строительные материалы";Казань;;0;;;;
14918;"Волга, рекламно-производственная компания";"Реклама / Полиграфия / СМИ";"Издательское дело / Полиграфия";"Полиграфические услуги";Казань;;0;5193107@bk.ru,volga_zao@mail.ru;"+7 (843) 292-33-29";"+7 (843) 519-31-07,+7 (843) 292-06-29";http://volgakzn.ru,http://vk.com/volgakzn,http://volgakzn.ru/
12116;"Волга-Зитар, ООО, оптово-розничная компания";"Оборудование / Инструмент";Инструмент;Электроинструмент;Казань;;0;pr@volgazitar.ru;;"+7 (843) 512-16-61 (единая справочная),+7 (843) 512-13-31,+7 (843) 512-23-39";http://www.volgazitar.ru,http://twitter.com/@volgazitar
1216050556;"Волжская Гавань, коттеджный поселок премиум-класса, ООО МегаЛайн";"Строительство / Недвижимость / Ремонт";Новостройки;Новостройки;Казань;"Приволжская, 243 стр";0;;"7 (843) 216-67-30 (отдел продаж)";;http://vgavani.ru
11099;"Волжские Путешествия, туристическое агентство";"Спорт / Отдых / Туризм";"Туризм / Отдых";"Туристические агентства";"Волжск (Марий Эл респ.)";;0;;"+7 (843) 299-42-41,+7 (843) 227-22-48";"+7 (843) 299-41-85,+7 (843) 299-50-99,+7 (843) 227-22-49,+7 (84371) 4-22-12";http://volga-travel.ru,http://vk.com/volga_travel
112543;"Волжские страницы, газета";"Реклама / Полиграфия / СМИ";СМИ;Газеты;Зеленодольск;;0;5-79-50@bk.ru,bumerang_zel@bk.ru;"+7-960-043-02-38 (единый номер),+7 (84371) 5-15-18 (единый номер)";"+7 (84371) 4-24-65 (единый номер)";http://www.116vs.ru
112385;"Волжский гидролизно-дрожжевой завод, ПАО";"Товары для животных / Ветеринария";"Товары / услуги для животных";"Комбикорм / Кормовые добавки";"Волжск (Марий Эл респ.)";;0;info@vgdz.ru;"8-800-700-20-52 (бесплатная горячая линия),+7 (83631) 6-20-52";"+7 (83631) 6-13-25";http://www.vgdz.ru
8159;"Волжский государственный университет водного транспорта, Казанский филиал";"Образование / Работа / Карьера";"Профессиональное образование";Университеты;"Волжск (Марий Эл респ.)";;0;vgavt22@yandex.ru,vgavt22@yandex.ru;"+7 (843) 231-07-20,+7 (843) 555-33-94,+7 (843) 555-23-75";"+7 (843) 293-59-29,+7 (843) 555-23-34";http://vguvtkazan.ru
111856;"Волжский центр недвижимости, ИП Халикова Л.Р.";"Строительство / Недвижимость / Ремонт";Недвижимость;"Агентства недвижимости";"Волжск (Марий Эл респ.)";;0;volzskcn@mail.ru,hikari.alena@mail.ru;"+7 (83631) 6-34-34,+7-905-182-05-25,+7 (83631) 6-93-51";;
1100230456;"Волжский центр подготовки кадров, ООО, центр обучения пожарной безопасности";"Образование / Работа / Карьера";"Дополнительное образование / Развивающие курсы";"Обучение по охране труда";"Волжск (Марий Эл респ.)";;0;info@ptm12.ru;"8-800-700-01-02 (бесплатная круглосуточная единая справочная),+7-964-860-05-35,+7 (843) 258-22-35";;http://ptm12.ru
114239;"Волжский экологический центр";"Досуг / Развлечения / Общественное питание";"Центры творчества и досуга";"Детские / подростковые клубы";Казань;;0;vdec1@yandex.ru;"+7 (83631) 6-82-66,+7 (83631) 4-16-31";;http://vdec.org.ru
1215123724;"Волшебный миг, интернет-магазин плюшевых медведей";"Одежда / Обувь";"Детские товары";Игрушки;"Усады (Высокогорский район)";;0;;"+7 (843) 245-42-33 (единая справочная),+7-917-896-03-47 (единая справочная)";;http://medveddy.ru
18591;"Вольво Восток, ЗАО, торговая компания";"Транспорт / Грузоперевозки";Автотранспорт;"Продажа грузовых автомобилей";Казань;"Федеральная трасса М7 813 км, 1 - 1 этаж";0;n.almaz@bk.ru;"7 (843) 297-65-86,7 (843) 226-98-50";"+7 (843) 227-27-10";http://www.volvotrucks.ru,http://twitter.com/@volvotrucksrus,http://facebook.com/volvotrucksrussia
1212311507;"Восстановление данных, компания по восстановлению данных с цифровых носителей";"Компьютеры / Бытовая техника / Офисная техника";Компьютеры;"Услуги системного администрирования";Казань;;0;;"8-800-200-90-06 (круглосуточная единая справочная),+7 (843) 206-02-76 (круглосуточная единая справочная)";;http://datarc.ru
1100043172;"Восток Трейд, ООО, оптово-розничная компания";"Реклама / Полиграфия / СМИ";"Наружная реклама";"Материалы для наружной рекламы";Казань;;0;kazan1@vostoktrade.info;"+7 (843) 590-96-03 (единый номер - пн-пт 8:30-17:30),+7 (843) 278-84-70,+7-960-044-17-33";;http://www.vostoktreyd.ru
3122;"Восток-Сервис, производственно-торговая компания, ООО Казань-Восток-Сервис";"Одежда / Обувь";Обувь;Спецобувь;Казань;;0;kvs@kazan.vostok.ru,shop108@kazan.vostok.ru,shop61@kazan.vostok.ru,nkamsk@kazan.vostok.ru,chelny@kazan.vostok.ru,almet@kazan.vostok.ru;"+7 (843) 272-95-05,+7 (843) 211-99-23,+7-917-273-50-95,+7 (843) 523-84-01,+7 (8555) 499-498,+7 (8552) 44-43-90,+7 (8553) 30-01-20,+7-917-252-95-20";;http://kazan.vostok.ru,http://ok.ru/group/54550921871373,http://vk.com/vostok_spetsodegda,http://facebook.com/vostokspec,http://kazan.vostok.ru/stock/901
39671;"Восторг в подарок, интернет-магазин";"Торговые комплексы / Спецмагазины";Спецмагазины;"Магазины подарочных сертификатов";Казань;;0;info@vostorgvpodarok.ru;"8-800-555-80-56 (единая справочная - пн-вс 9:00-21:00),+7 (843) 203-96-43,+7 (843) 253-71-09";;http://www.vostorgvpodarok.ru,http://vk.com/vostorgpodarok,http://instagram.com/vostorgvpodarok
124606;"Восторг, ООО, аптека";"Медицина / Здоровье / Красота";"Медицинские товары";Аптеки;Казань;;0;vtrt@yandex.ru;"+7 (84371) 6-15-33 (единая справочная - пн-вс 8:00-19:00, перерыв: 13:30-14:00)";;
1214884132;"Восторг, торговый центр";"Торговые комплексы / Спецмагазины";"Торговые комплексы";"Торговые центры / Универсальные магазины";Казань;;0;;+7-905-316-48-51;;
1215665939;"Восход, автостудия";"Автосервис / Автотовары";Автосервис;"Тонирование автостёкол";Казань;;0;robie921@rambler.ru;"+7 (843) 253-82-42";;http://vk.com/voshod_autostudio,http://instagram.com/voshod_autostudio
1211336065;"Восход, ООО, строящиеся объекты";"Строительство / Недвижимость / Ремонт";Новостройки;Новостройки;Васильево;;0;voshod16@mail.ru;"+7 (84371) 6-28-00 (застройщик)";;
350761;"Вот такие окна!, торгово-производственная компания";"Строительные / отделочные материалы";"Отделочные материалы";Окна;Казань;;0;office@vottakieokna.ru;"+7 (843) 554-34-34 (единая справочная - пн-вс 10:00-21:00),+7 (84371) 4-00-28,+7 (84371) 7-16-16,+7 (84371) 7-27-37,+7 (84371) 6-01-00,+7 (83631) 6-20-22,+7-902-100-50-00";"+7 (83631) 6-16-16";http://vottakieokna.ru,http://vk.com/club56628338
1215126046;"ВотОнЯ, интернет-магазин";"Одежда / Обувь";"Детские товары";"Детская одежда";"Волжск (Марий Эл респ.)";;0;;"+7 (843) 212-21-50";;http://www.votonia.ru,http://vk.com/votonia,http://facebook.com/votonia,http://instagram.com/votonia
355396;"Вояж, мини-отель";"Спорт / Отдых / Туризм";"Туризм / Отдых";Гостиницы;Казань;;0;voyazh-kazan@mail.ru;"+7 (843) 258-65-35,+7 (843) 240-23-07";;http://voyazh-kazan.ru
1216109927;"Впарилке.ру, доска бесплатных объявлений";"Интернет / Связь / Информационные технологии";Интернет;"Сайты объявлений";Казань;;0;;;;http://kaz.vparilke.ru
446610;"Впрок, магазин товаров повседневного спроса";"Хозтовары / Канцелярия / Упаковка";"Садово-хозяйственные товары";"Хозяйственные товары";Казань;;0;;;"+7 (8552) 52-91-09 (единая справочная - пн-пт 8:00-17:00)";
1212953889;"Время есть!, банкетная служба";"Досуг / Развлечения / Общественное питание";"Общественное питание";Кейтеринг;Казань;;0;7pier@mail.ru;"+7 (843) 258-21-77,+7-960-055-88-84";;http://vk.com/vremiaest
88314;"ВРПОЛИМЕР116, ООО, торгово-строительная фирма";"Строительство / Недвижимость / Ремонт";"Сантехническое оборудование";"Системы отопления / водоснабжения / канализации";Казань;;0;vr-polimer@mail.ru,roza3375@mail.ru;"+7 (843) 253-55-28 (круглосуточная горячая линия),+7-903-305-55-28,+7 (843) 250-17-15,+7 (843) 260-26-18,+7 (843) 203-83-13";;http://vr-polimer.ru
153613;"Все для праздника в Казани, информационный портал";"Интернет / Связь / Информационные технологии";Интернет;"Городские информационные сайты";Казань;;0;kazanprazdnik@mail.ru;;;http://www.kazanprazdnik.ru
225424;"Все для стройки, торговая фирма, ООО Триумф-опторг";"Строительные / отделочные материалы";"Отделочные материалы";"Отделочные материалы";Казань;;0;vsedlastroiki@mail.ru,2401401@mail.ru;"+7 (843) 2-401-401 (единая справочная),+7-917-287-26-96,+7-917-895-88-38";;http://vsedlastroiki.blizko.ru/
162785;"Все о Казани, информационный портал";"Интернет / Связь / Информационные технологии";Интернет;"Городские информационные сайты";Казань;;0;;;;
242235;"Все сделки, доска объявлений";"Интернет / Связь / Информационные технологии";Интернет;"Сайты объявлений";Казань;;0;;;;http://vs-kazan.ru
1212748139;"ВсеТренинги.ру, интернет-путеводитель по бизнес-образованию";"Интернет / Связь / Информационные технологии";Интернет;"Городские информационные сайты";Казань;;0;kzn@vsetreningi.ru;;;http://vsetreningi.ru/kazan,http://vk.com/vsetreningi_kazan,http://instagram.com/vsetreningikazan
94711;"Всё для бани, официальный представитель заводов Теплодар, Harvia, Tulikivi в Республике Татарстан";"Текстиль / Предметы интерьера";"Предметы интерьера / экстерьера";"Печи / Камины";Казань;;0;mail@tatbani.ru;"*С 01.06.15 по 31.06.16. Подробности по   (843) 226-03-07.,+7 (843) 226-03-07,+7 (843) 225-03-07";;http://tatbani.ru/catalog,http://www.tatbani.ru,http://vk.com/kazan2260307
1200290297;"ВСК Союз, производственно-торговая компания";"Строительные / отделочные материалы";"Строительные материалы / конструкции";Цемент;Казань;;0;ssoiuz@bk.ru;"+7 (843) 237-90-90,+7 (843) 237-91-52";;http://всксоюз.рф,http://всксоюз.рф
205200;"Вся Казань, информационно-развлекательный портал";"Интернет / Связь / Информационные технологии";Интернет;"Городские информационные сайты";Зеленодольск;;0;;;;http://allkzn.ru
226408;"Вся Полиграфия, рекламно-производственная фирма";"Реклама / Полиграфия / СМИ";"Издательское дело / Полиграфия";"Полиграфические услуги";Зеленодольск;;0;2978850@mail.ru;"+7 (843) 297-88-50 (единый номер)";;http://полиграфия-казань.рф
147148;"Вся сантехника, оптово-розничная компания";"Строительство / Недвижимость / Ремонт";"Сантехническое оборудование";"Сантехника / Санфаянс";Казань;;0;santehnika-09@mail.ru;+7-909-307-59-90,+7-937-522-87-58;"+7 (843) 525-24-79";http://santehnika-kzn.ru/,http://santehnika-kzn.ru
163277;"ВТБ Страхование, ООО, страховая компания";"Юридические / финансовые / бизнес-услуги";Страхование;Страхование;Казань;;0;info@vtbins.ru,kazan@kazan.vtbins.ru,mukhammadieva@kazan.vtbins.ru;"8-800-100-44-40 (круглосуточная единая справочная),+7 (843) 204-58-97";"+7 (843) 278-10-00,+7 (843) 278-19-19";http://www.vtbins.ru,http://vk.com/vtbinsurance,http://facebook.com/vtbins,http://instagram.com/vtbins
1100319723;"Втор мет, ООО, компания по приему лома";"Металлы / Топливо / Химия";"Химия / Вторсырьё";"Приём / переработка металлолома";Казань;;0;ooowtormet@mail.ru;+7-909-308-28-00,+7-905-039-30-99;;
235691;"Втормет-Индустрия, ООО, торговый дом";"Металлы / Топливо / Химия";"Химия / Вторсырьё";"Приём / переработка металлолома";Казань;;0;vtormet-indystria@mail.ru;"+7 (843) 200-96-86 (единая справочная - пн-пт 8:30-17:00),+7 (843) 200-96-90 (единая справочная - пн-пт 8:30-17:00)";;
1200527965;"Вторцветмет, компания по приему лома";"Металлы / Топливо / Химия";"Химия / Вторсырьё";"Приём / переработка металлолома";Казань;;0;420110@bk.ru;"+7-917-274-30-04 (единая справочная - пн-вс 8:00-22:00),+7-917-397-60-86 (единая справочная - пн-вс 8:00-22:00)";;
1213155756;"Выборг-банк, ПАО";"Юридические / финансовые / бизнес-услуги";"Банковские / финансовые услуги";Банки;Казань;;0;info@vyborg-bank.ru;"8-800-775-00-60 (бесплатная горячая линия),+7 (843) 562-05-67,+7 (843) 562-05-69";;http://www.vyborg-bank.ru
1211792439;"Выйти из комнаты, компания по квест-проектам";"Досуг / Развлечения / Общественное питание";"Услуги по организации праздников / досуга";"Организация и проведение квестов";Казань;;0;2034740@gmail.com;"+7 (843) 203-47-40 (единая справочная),+7 (843) 259-70-50,+7 (843) 239-15-75,+7 (843) 258-55-26,+7 (843) 258-52-60,+7 (843) 292-37-55,+7 (843) 258-36-60,+7 (843) 251-00-10,+7 (843) 225-01-65,+7 (843) 258-82-90,+7-987-207-70-33,+7 (843) 249-49-14,+7 (843) ";;http://komnataquest.ru,http://vk.com/komnataquest,http://facebook.com/komnataquest,http://instagram.com/komnatakzn,http://komnataquest.ru/kazan/
1215618028;"Выручай Денюжка, ООО, компания";"Юридические / финансовые / бизнес-услуги";Бизнес-услуги;"Финансовый консалтинг";"Волжск (Марий Эл респ.)";;0;denujka22@yandex.ru;;"+7 (843) 246-52-52";
1200504804;"Высокий стандарт, ООО, торговая компания";"Строительные / отделочные материалы";"Строительные материалы / конструкции";"Кровельные материалы";Казань;;0;info@proflist-kzn.ru;"+7-927-245-07-19 (единый номер),+7 (843) 253-10-79";;http://профлист-казань.рф
215609;"ВЭБ-лизинг, ОАО, лизинговая компания";"Юридические / финансовые / бизнес-услуги";"Банковские / финансовые услуги";"Лизинговые услуги";Казань;;0;;"+7 (843) 202-06-39,+7 (843) 202-06-40,+7 (843) 514-61-65";;http://veb-leasing.ru
1211376730;"Гагарин, гостинично-ресторанный комплекс";"Досуг / Развлечения / Общественное питание";"Места отдыха / Развлекательные заведения";"Банкетные залы";Казань;;0;gagarin_otel@mail.ru;"+7-987-226-56-76 (единая справочная),+7 (843) 524-70-70,+7 (843) 226-56-76";;http://www.gagar-inn.ru,http://vk.com/club85605220,http://www.gagar-inn.ru/
1214946157;"ГАЗель-Vалдай-Sоболь, автокомплекс";"Автосервис / Автотовары";Автотовары;"Автозапчасти для грузовых автомобилей";"Волжск (Марий Эл респ.)";;0;gazdetalkzn@mail.ru;"+7 (843) 266-64-44 (единая справочная - пн-пт 8:00-19:00, сб-вс 9:00-17:00),+7-906-330-01-61";;http://vk.com/gazdetalkzn,http://vk.com/gazdetalkzn
493895;"ГазМастер-Казань, интернет-магазин";"Электроника / Электротехника";Электротехника;"Электронагревательное оборудование";Казань;;0;gm-kazan48@mail.ru;"+7 (843) 258-83-03,+7 (843) 267-17-32";;http://gazmaster-kazan.tiu.ru,http://vk.com/gazmasster116
202279;"Газовик, лечебно-оздоровительный профилакторий";"Медицина / Здоровье / Красота";"Медицинские учреждения";"Санатории / Профилактории";Казань;;0;;"+7 (843) 512-97-90";"+7 (843) 5-250-250";http://www.5250250.ru
1100089990;"Гайка, магазин";"Строительные / отделочные материалы";"Отделочные материалы";"Крепёжные изделия";Казань;;0;gaika.pro@mail.ru;"+7 (843) 247-17-47 (единый номер - пн-пт 9:00-19:00, сб 10:00-14:00),+7 (843) 247-17-47,+7-903-307-70-33";"+7 (843) 210-23-17";http://gaika.pro
7400;"ГалаТранс, ООО, транспортная компания";"Транспорт / Грузоперевозки";"Грузоперевозки / Транспортные услуги";"Городские автогрузоперевозки";Казань;;0;;"8-800-700-21-16 (бесплатная круглосуточная горячая линия),+7 (843) 250-21-16";;http://galatrans.ru,http://vk.com/club41735210
148643;"Галерея вин, ООО, бутик хорошего вкуса";"Продукты питания / Напитки";Напитки;"Алкогольные напитки";Казань;;0;galvin@gal-vin.ru;"+7 (843) 292-14-89,+7 (843) 278-02-90,+7 (843) 527-72-27,+7 (843) 590-51-88";"+7 (843) 278-44-52";http://www.galvin-butik.ru
13032;"Галерея Кирпича, торговая компания, ООО КОРОНА-КАЗАНЬ";"Строительные / отделочные материалы";"Строительные материалы / конструкции";"Строительные материалы";Казань;;0;coronakaz06@yandex.ru;"+7 (843) 251-44-94,+7-919-692-35-85";;http://www.galereya-kirpicha.ru
186776;"Галерея сантехники, сеть оптово-розничных магазинов";"Строительство / Недвижимость / Ремонт";"Сантехническое оборудование";"Сантехника / Санфаянс";Казань;;0;info@gs16.ru;"+7-919-689-13-08 (единая справочная),+7-987-235-75-19, доп. 402 (многоканальный),+7-987-235-75-19, доп. 405 (многоканальный),+7-987-235-75-19, доп. 404 (многоканальный)";;http://www.gs16.ru
85445;"Галия, центр конструирования и дизайна одежды";"Образование / Работа / Карьера";"Дополнительное образование / Развивающие курсы";"Курсы творчества и рукоделия";Казань;;0;galia_z@list.ru;"8-800-555-27-14 (бесплатная горячая линия),+7-917-882-18-49,+7-905-311-71-91";;http://www.galiya.ru,http://vk.com/zlachevskaya
197723;"ГамбсЪ, производственно-торговая фирма";"Мебель / Материалы / Фурнитура";Мебель;"Изготовление мебели под заказ";Казань;;0;shkafkrovat@shkafkrovat.ru;"+7 (843) 297-65-05 (единая справочная)";;http://shkafkrovat.ru,http://шкафкровать.рф
16207;"Гамма Авто, автомагазин";"Автосервис / Автотовары";Автотовары;Автоаксессуары;Казань;;0;gamma-auto@mail.ru;"+7 (843) 265-60-72,+7 (843) 265-65-90,+7 (843) 259-13-09";;http://www.auto-gm.ru
14926;"Гамма, рекламно-полиграфическая фирма";"Реклама / Полиграфия / СМИ";"Рекламные услуги";"Рекламные агентства полного цикла";Зеленодольск;;0;gamma-k@mail.ru;"+7 (843) 264-50-86,+7 (843) 250-90-59,+7 (843) 251-11-11";;http://gamma-k.ru
401303;"Гамма-Сталь-Поволжье, торговая компания";"Металлы / Топливо / Химия";Металлы;"Нержавеющий металлопрокат";Казань;;0;fadeichev@gamma-steel.ru;;"+7 (843) 203-82-39 (единая справочная)";http://gamma-steel.ru
11014;"Ганта-Мастер-М, ООО, производственная фирма";"Мебель / Материалы / Фурнитура";Мебель;"Изготовление мебели под заказ";Казань;;0;gantamebel@mail.ru;"+7 (843) 212-50-45";"+7 (843) 511-96-51";http://gantamaster.ru
388296;"Гараж, автосервис";"Автосервис / Автотовары";Автосервис;"Авторемонт и техобслуживание (СТО)";Казань;;0;;;;
1215245508;"Гарант Премиум, компания по выкупу автомобилей";"Транспорт / Грузоперевозки";Автотранспорт;"Продажа легковых автомобилей";Казань;;0;vykupavtokazan@yandex.ru;"+7 (843) 249-54-34 (единая справочная - пн-вс 9:00-20:00)";;http://vykupavtokazan.ru
62478;"Гарантпост, компания экспресс-доставки";"Транспорт / Грузоперевозки";"Грузоперевозки / Транспортные услуги";Экспресс-почта;Казань;;0;garantpost@kazancity.net,kazan@garantpost.ru;"8-800-200-65-65 (бесплатная горячая линия),+7 (843) 292-26-95";"+7 (843) 292-26-91";http://www.garantpost.ru,http://vk.com/garantpost,http://www.garantpost.ru/tools/calc
1201118799;"Гарант, сервисный центр";"Оборудование / Инструмент";Инструмент;"Ремонт бензоинструмента";Казань;;0;ssrkzn@mail.ru;"+7 (843) 260-88-55,+7-917-901-36-72,+7 (843) 258-60-50,+7 (843) 260-88-55";;http://www.srv-kzn.ru
1212681755;"Гарант-плюс, ООО, юридическая компания";"Транспорт / Грузоперевозки";Автотранспорт;Автоэкспертиза;Казань;;0;;"+7 (843) 203-35-58,+7 (843) 258-39-03,+7-927-039-02-31";;http://garantplus.org
138517;"Гардиан, дверной салон";"Строительные / отделочные материалы";"Отделочные материалы";"Входные двери";Казань;;0;guardian-reg16@mail.ru;"+7 (843) 225-45-22 (единая справочная),+7-987-222-6-777";;http://guardian-kn.ru,http://vk.com/public88456263,http://instagram.com/dveriguardian_kazan
